rule,strategy,year,p25,p50,p75
3.0,DRv2_DSv1,1,498.6039066653034,498.7450672920926,498.8903476285341
3.0,DRv2_DSv2,1,478.20390666530346,478.3450672920926,478.49034762853415
3.0,FixedSpend,1,478.5363502231062,481.84524590912423,485.2507102333403
3.0,DRv2_DSv1,2,491.50804060849475,491.87102334804547,503.34395009122096
3.0,DRv2_DSv2,2,477.517888557987,484.2886808522768,491.19841630396024
3.0,FixedSpend,2,487.28066511911516,491.8120738267869,496.1160942547309
3.0,DRv2_DSv1,3,484.5131293527348,485.2389595333235,508.0792521604596
3.0,DRv2_DSv2,3,475.7308565484327,491.37946231455726,506.60732652493084
3.0,FixedSpend,3,497.2289411217354,502.3011501727658,507.4665292390554
3.0,DRv2_DSv1,4,477.6319062316809,485.9610020345824,512.7301710492432
3.0,DRv2_DSv2,4,472.84229212721726,498.34269076673297,523.2117916882758
3.0,FixedSpend,4,507.5473488235394,513.0144843406624,518.3399542060695
3.0,DRv2_DSv1,5,470.81682993084235,482.03683349701214,514.6282092621716
3.0,DRv2_DSv2,5,470.50221392508666,504.83041196897693,539.5150119104424
3.0,FixedSpend,5,518.0300381442901,523.4347491883843,528.9837629801444
3.0,DRv2_DSv1,6,464.1257252995547,477.4275834829891,511.39667604850376
3.0,DRv2_DSv2,6,469.28563241726795,511.2705321414762,556.0437261316158
3.0,FixedSpend,6,527.9949841263287,533.8267677176954,539.7748541801533
3.0,DRv2_DSv1,7,457.5108113599308,476.53101073547145,515.3762055399013
3.0,DRv2_DSv2,7,468.7557064270559,518.4857212194458,573.0464497745779
3.0,FixedSpend,7,537.8208986004571,544.1176717503951,550.3419952028196
3.0,DRv2_DSv1,8,450.98623489942383,472.69401133281724,514.9702897177533
3.0,DRv2_DSv2,8,467.82373402276426,525.687850360069,591.5057861689135
3.0,FixedSpend,8,547.4766371067076,553.8084153281454,560.1405250911223
3.0,DRv2_DSv1,9,444.56209725719077,466.92111050525943,513.4080864920209
3.0,DRv2_DSv2,9,466.0578487631598,533.7595846996531,608.0973720151989
3.0,FixedSpend,9,556.6015345911754,562.732032903765,569.1209831431572
3.0,DRv2_DSv1,10,438.2994204920371,465.5086988884344,517.6873587896421
3.0,DRv2_DSv2,10,465.0003099339008,542.495512286829,626.7939367385914
3.0,FixedSpend,10,564.0354684613491,570.6387643904326,577.7665020500225
3.0,DRv2_DSv1,11,432.1058268326632,463.64347465945485,517.6646708103231
3.0,DRv2_DSv2,11,464.9333479390107,551.3087319323283,643.8800035429728
3.0,FixedSpend,11,570.1020375612707,577.1113392197362,584.3008236937985
3.0,DRv2_DSv1,12,425.99904463138216,459.21287887091086,517.5990522315153
3.0,DRv2_DSv2,12,460.1078959165752,555.8059509395298,657.3513413749862
3.0,FixedSpend,12,574.6879115299048,581.8232372047303,588.9794365596435
3.0,DRv2_DSv1,13,419.99744551415455,459.0411610423532,520.2001600574417
3.0,DRv2_DSv2,13,459.8066676935115,556.5200335035865,672.9473041083176
3.0,FixedSpend,13,577.0830420236249,584.4568122011411,591.1825739429593
3.0,DRv2_DSv1,14,414.03804215760266,455.09747546409784,519.6001765610765
3.0,DRv2_DSv2,14,454.2740560257305,559.7152209558865,682.5922240781224
3.0,FixedSpend,14,577.1518089179912,584.661995734747,591.3011482401974
3.0,DRv2_DSv1,15,408.1951749897105,455.4985613080344,518.0164093231201
3.0,DRv2_DSv2,15,447.26821757673144,556.369511104438,692.96921338784
3.0,FixedSpend,15,574.3263396545904,581.8070522244847,588.5576506950842
3.0,DRv2_DSv1,16,402.4645238042727,452.80186060678375,521.3274160885752
3.0,DRv2_DSv2,16,436.8835829979058,550.7907408436661,697.0820223533243
3.0,FixedSpend,16,568.8231827592514,575.6624099582068,582.8726459481219
3.0,DRv2_DSv1,17,396.9517434438296,450.1696044208865,520.099454475418
3.0,DRv2_DSv2,17,430.3795658380389,543.3551647152667,695.2871156357635
3.0,FixedSpend,17,560.0167171752128,567.3341498812572,574.3881500654959
3.0,DRv2_DSv1,18,394.8050489340387,449.69054191454717,520.1376383516613
3.0,DRv2_DSv2,18,417.77929420623343,535.1286474458923,695.1057836206245
3.0,FixedSpend,18,550.1812441054828,557.0828750473493,564.0849187229799
3.0,DRv2_DSv1,19,391.49054482011906,444.38286223139045,521.52082221709
3.0,DRv2_DSv2,19,406.4580567901501,524.6676149093588,693.5473237297173
3.0,FixedSpend,19,539.259767017497,545.6404926819519,552.3360697057662
3.0,DRv2_DSv1,20,388.03266835344334,443.8720174705112,520.4206578996536
3.0,DRv2_DSv2,20,396.030533907467,516.5698799968527,688.6572073882745
3.0,FixedSpend,20,527.3378220167424,533.8532005099619,540.5711301786222
3.0,DRv2_DSv1,21,249.96163199916725,299.2036432782917,368.6537042452685
3.0,DRv2_DSv2,21,250.01127357289207,364.31804037991463,528.0380102559825
3.0,FixedSpend,21,362.988213413767,377.38805776169926,389.991750804592
3.0,DRv2_DSv1,22,247.7951425667549,299.52552640183615,370.62891632575446
3.0,DRv2_DSv2,22,239.00882005813025,355.4620550415133,519.9173630921155
3.0,FixedSpend,22,349.8881085896436,365.38651861392157,378.31399001069076
3.0,DRv2_DSv1,23,247.90588130724024,299.68790715980913,372.8479662111562
3.0,DRv2_DSv2,23,225.00458185139604,345.14106709481433,507.33278205754806
3.0,FixedSpend,23,337.7524738906474,354.14580784514965,367.46600192973443
3.0,DRv2_DSv1,24,245.7508705208692,299.30735946996697,375.1361058550233
3.0,DRv2_DSv2,24,216.24458024945346,337.61240618054205,501.6504019934011
3.0,FixedSpend,24,326.3935669585479,343.13062076139363,356.510676684185
3.0,DRv2_DSv1,25,244.7184678058456,299.0177756244478,376.0863069134074
3.0,DRv2_DSv2,25,206.7310842065616,327.4485443308663,492.73782625455874
3.0,FixedSpend,25,314.4861640549584,332.287649913276,345.980347325983
3.0,DRv2_DSv1,26,241.5628325634158,299.73365055502506,377.0811112222691
3.0,DRv2_DSv2,26,197.45309113179562,318.36219974388865,482.56253472610103
3.0,FixedSpend,26,303.2865325669586,321.1096922759329,334.6592222352304
3.0,DRv2_DSv1,27,239.32928893021966,299.0992466543933,378.3761262419472
3.0,DRv2_DSv2,27,187.85004135363232,312.0911222193018,468.76884540563515
3.0,FixedSpend,27,290.17451470085155,309.66320041117444,323.54397035929446
3.0,DRv2_DSv1,28,236.8738907205596,298.4499538597601,378.6261233127134
3.0,DRv2_DSv2,28,179.3720712485375,299.5358012146619,463.48409565388454
3.0,FixedSpend,28,277.53215382772356,297.52949330715865,311.6380826614075
3.0,DRv2_DSv1,29,235.36287969158212,298.191393259692,379.3430496231125
3.0,DRv2_DSv2,29,169.63650499637424,289.45623206416894,452.825402348761
3.0,FixedSpend,29,263.4776133370999,284.6450723673645,299.0146838783272
3.0,DRv2_DSv1,30,232.56034993529096,297.3546111353305,381.08379946880365
3.0,DRv2_DSv2,30,158.1307792838872,277.9477311764251,440.6495959797687
3.0,FixedSpend,30,248.99479041449803,270.78383444933365,285.62856915411976
3.0,DRv2_DSv1,31,231.20144791743576,296.77706469766247,382.5525791945115
3.0,DRv2_DSv2,31,147.82378467370057,262.6641867418411,421.527474730981
3.0,FixedSpend,31,234.38801978532325,256.06890207180265,272.03751765800325
3.0,DRv2_DSv1,32,229.3586357680059,296.49752914902604,382.98836332561274
3.0,DRv2_DSv2,32,138.18144011380366,250.62793826876145,411.33435669850536
3.0,FixedSpend,32,219.74713919930156,242.02263201067086,258.66110121954483
3.0,DRv2_DSv1,33,227.1078689311467,296.8087320066667,384.5291924608679
3.0,DRv2_DSv2,33,127.55218500744739,240.28056118835175,400.42827559097
3.0,FixedSpend,33,206.10979668009165,228.93365133561468,246.26101913296958
3.0,DRv2_DSv1,34,224.18109577772782,294.7224361807187,384.4807877051113
3.0,DRv2_DSv2,34,116.4118840974545,232.04328865028612,386.00132409581425
3.0,FixedSpend,34,193.79746552118547,217.11966545679195,234.62637488730843
3.0,DRv2_DSv1,35,220.7331738330584,295.53378698589063,385.033337922964
3.0,DRv2_DSv2,35,109.98257362737009,224.9739869805907,371.598427159273
3.0,FixedSpend,35,182.80029534861347,207.6466397698786,224.79663791049305
3.0,DRv2_DSv1,36,219.1763923133719,295.66680208526947,385.4038466767452
3.0,DRv2_DSv2,36,103.80642151062759,216.614818580463,364.3334670220686
3.0,FixedSpend,36,173.65119331207694,198.9363551022581,216.51916351594565
3.0,DRv2_DSv1,37,217.44961144442613,295.920647051259,387.78307192701664
3.0,DRv2_DSv2,37,102.31961609379599,210.64166904392093,360.07492990564265
3.0,FixedSpend,37,165.41436470824766,191.27125301285832,209.77238148569614
3.0,DRv2_DSv1,38,213.62309342782973,295.7726783901862,390.8243260804573
3.0,DRv2_DSv2,38,98.29935627898976,206.85000180161668,360.9171988582352
3.0,FixedSpend,38,157.69579097341648,185.3155834472043,204.02786872148963
3.0,DRv2_DSv1,39,211.1713478296244,294.8244716756084,390.2704208975993
3.0,DRv2_DSv2,39,91.68992118589782,203.93340879828128,360.16983540309906
3.0,FixedSpend,39,151.4654374803827,180.70456414359268,200.0201320892615
3.0,DRv2_DSv1,40,207.23565974509395,294.57837024470155,392.11706276371103
3.0,DRv2_DSv2,40,88.1293650432905,200.98498057998643,364.31579164648315
3.0,FixedSpend,40,145.40795199588467,176.03888880004678,196.12344216529024
3.0,DRv2_DSv1,41,204.8021515446287,293.3261486118794,392.46939251890797
3.0,DRv2_DSv2,41,85.35073596220217,197.6594281128339,368.5437753373302
3.0,FixedSpend,41,140.62532229541264,171.74655550181458,193.14348531906833
3.0,DRv2_DSv1,42,203.6344190316741,293.55919887925654,393.1740307843329
3.0,DRv2_DSv2,42,82.95672075119148,194.82719097383713,367.9853596396391
3.0,FixedSpend,42,135.86859623960217,168.02702928645857,189.79140009459297
3.0,DRv2_DSv1,43,200.01740519514962,290.79677146287503,396.90882939250474
3.0,DRv2_DSv2,43,80.53137712358618,193.96035007125835,365.94417670253415
3.0,FixedSpend,43,131.60752213083637,164.63227764060716,186.81627037370535
3.0,DRv2_DSv1,44,196.42072137364576,289.13778980561256,398.76079342769077
3.0,DRv2_DSv2,44,79.14673723948253,189.54331159409995,367.87956531046746
3.0,FixedSpend,44,127.2047100316181,161.05241674360218,183.5902897421079
3.0,DRv2_DSv1,45,194.50711325871475,287.3761362628333,397.877324768972
3.0,DRv2_DSv2,45,76.8662457267918,189.57666966628878,374.3609784909128
3.0,FixedSpend,45,122.23467426011098,157.08817613065585,180.96232940111682
3.0,DRv2_DSv1,46,193.5788430701845,287.4185542414282,397.6928880311426
3.0,DRv2_DSv2,46,73.61306259986432,189.04204223535527,375.4243459500768
3.0,FixedSpend,46,117.80881768783541,152.36078097401435,177.42875913923075
3.0,DRv2_DSv1,47,191.10651165694077,287.87938972345796,399.26907486331856
3.0,DRv2_DSv2,47,71.31718716828249,185.54808848183822,372.4445279478474
3.0,FixedSpend,47,111.68097328096209,147.53735754869777,173.97103789627198
3.0,DRv2_DSv1,48,187.11091875465826,286.44789375410403,399.90211720081413
3.0,DRv2_DSv2,48,67.63842330815318,184.25295044224706,369.11888512165456
3.0,FixedSpend,48,105.01657230065285,141.7073089956337,169.533138700169
3.0,DRv2_DSv1,49,183.42792218394877,285.0660760390492,400.272274668505
3.0,DRv2_DSv2,49,63.581358105574,181.4376140671122,364.3604742705835
3.0,FixedSpend,49,97.37880417670439,136.39120639494786,164.70441197929236
3.0,DRv2_DSv1,50,180.30175234111078,284.8522441245973,401.73561707792
3.0,DRv2_DSv2,50,58.22916330725872,175.07397315230156,358.348657441318
3.0,FixedSpend,50,90.3534932333586,130.44835546993986,159.30539811887542
3.0,DRv2_DSv1,51,179.50776579562634,284.62720195980387,402.4150004265723
3.0,DRv2_DSv2,51,53.61491752057082,172.43910161889715,354.1858638022638
3.0,FixedSpend,51,83.36250871077033,124.07210252130422,153.56464201070202
3.0,DRv2_DSv1,52,176.06024726202074,282.000715599766,401.5042962425738
3.0,DRv2_DSv2,52,48.56628540599757,168.8065652448574,349.24351534393736
3.0,FixedSpend,52,74.55072243715814,117.27021181659234,148.28916339919428
3.0,DRv2_DSv1,53,173.16517007459694,281.10506289717927,402.09607502612425
3.0,DRv2_DSv2,53,44.28488774383939,162.31091005601104,347.12085916053377
3.0,FixedSpend,53,67.47719115668546,110.38698219946559,142.22043266141094
3.0,DRv2_DSv1,54,170.45251941665248,280.68192940385546,400.8892058556547
3.0,DRv2_DSv2,54,37.9447642017987,157.36148101134611,343.5163864116325
3.0,FixedSpend,54,59.87287769950355,104.02199318392843,136.22961193709202
3.0,DRv2_DSv1,55,168.048934547839,277.9268894728247,399.730690711433
3.0,DRv2_DSv2,55,33.163833115012146,147.74205647540288,338.6111084460865
3.0,FixedSpend,55,51.686000630447246,96.4137664158474,129.39846829710802
3.5,DRv2_DSv1,1,498.6039066653034,498.7450672920926,498.8903476285341
3.5,DRv2_DSv2,1,473.62601574216666,473.76717636895586,473.9124567053974
3.5,FixedSpend,1,478.5363502231062,481.84524590912423,485.2507102333403
3.5,DRv2_DSv1,2,491.5060531854851,491.8593181971431,503.34395009122096
3.5,DRv2_DSv2,2,469.88178885726086,476.34773425835806,482.8712670648269
3.5,FixedSpend,2,487.28066511911516,491.8120738267869,496.1160942547309
3.5,DRv2_DSv1,3,484.5641028100124,495.6055423878285,508.0272852532152
3.5,DRv2_DSv2,3,465.7554550206115,479.60745088661315,493.61374388860315
3.5,FixedSpend,3,497.2289411217354,502.3011501727658,507.4665292390554
3.5,DRv2_DSv1,4,477.7209121403302,489.3411148966261,512.6527922028849
3.5,DRv2_DSv2,4,459.85366142771204,483.0443921721169,505.08260350496704
3.5,FixedSpend,4,507.5473488235394,513.0144843406624,518.3399542060695
3.5,DRv2_DSv1,5,470.9220020322272,491.21191852801417,510.5664881435555
3.5,DRv2_DSv2,5,455.1451229054381,484.8755667785375,517.9094650707594
3.5,FixedSpend,5,518.0300381442901,523.4347491883843,528.9837629801444
3.5,DRv2_DSv1,6,464.23721906920525,486.7354729863735,510.8746670964563
3.5,DRv2_DSv2,6,448.74990654497583,487.9307443160476,528.4870971929238
3.5,FixedSpend,6,527.9949841263287,533.8267677176954,539.7748541801533
3.5,DRv2_DSv1,7,457.63223107953985,481.0389519741775,515.3735839506495
3.5,DRv2_DSv2,7,443.2148938583289,492.0688329975581,542.1364094134333
3.5,FixedSpend,7,537.8208986004571,544.1176717503951,550.3419952028196
3.5,DRv2_DSv1,8,451.1091795304378,478.20643363754266,519.7575228589786
3.5,DRv2_DSv2,8,439.75326619526993,495.2637692553043,553.8507161038027
3.5,FixedSpend,8,547.4766371067076,553.8084153281454,560.1405250911223
3.5,DRv2_DSv1,9,444.70769985878553,475.0111429182373,514.5895607461122
3.5,DRv2_DSv2,9,434.88229789446115,498.6669409957493,565.8566398800233
3.5,FixedSpend,9,556.6015345911754,562.732032903765,569.1209831431572
3.5,DRv2_DSv1,10,438.39815147035773,470.15650120503943,517.7283208331885
3.5,DRv2_DSv2,10,432.0646847977664,502.670344784647,578.6271121416407
3.5,FixedSpend,10,564.0337017230827,570.6258930471178,577.7577682654569
3.5,DRv2_DSv1,11,432.22883111112304,464.1800035878407,517.2156889948221
3.5,DRv2_DSv2,11,427.30520848138457,506.32198808523725,592.0950013236622
3.5,FixedSpend,11,570.0990531983523,577.1055968240557,584.2804993229947
3.5,DRv2_DSv1,12,426.12141255521124,459.1326314645355,515.6663977740089
3.5,DRv2_DSv2,12,423.42520582375226,510.0137897430268,603.7624508681222
3.5,FixedSpend,12,574.6828727386013,581.809400431287,588.9373555093351
3.5,DRv2_DSv1,13,420.2793766902743,455.5611282217542,516.6471186090466
3.5,DRv2_DSv2,13,420.29885833295435,510.7705560015271,618.405446370004
3.5,FixedSpend,13,577.0922358556776,584.4517163817968,591.1481737422781
3.5,DRv2_DSv1,14,414.5465505846423,454.2730779401318,513.626308762111
3.5,DRv2_DSv2,14,413.2840356173084,510.3447818961114,628.3955802561186
3.5,FixedSpend,14,577.1093311881255,584.6143962599608,591.2874042482675
3.5,DRv2_DSv1,15,410.4044325640558,448.61732708532924,517.283816126813
3.5,DRv2_DSv2,15,407.3070444619063,504.45316338897226,634.3069249662576
3.5,FixedSpend,15,574.324041835526,581.7799928578402,588.514520903845
3.5,DRv2_DSv1,16,406.48895107419827,445.9892950848985,513.8670830603218
3.5,DRv2_DSv2,16,402.2757551163341,500.7546605040917,634.9859649151629
3.5,FixedSpend,16,568.780035597434,575.6265783031326,582.7894035684287
3.5,DRv2_DSv1,17,403.1364470601441,443.9783114517502,515.2194418671404
3.5,DRv2_DSv2,17,391.15648206702264,495.68921529094143,637.2928844582502
3.5,FixedSpend,17,560.0191769922312,567.3010849196629,574.3581296024435
3.5,DRv2_DSv1,18,398.84455646438573,439.6773887614895,515.0782808972032
3.5,DRv2_DSv2,18,379.76996619411136,488.5405164690525,636.2485108584615
3.5,FixedSpend,18,550.2520453904214,557.1172047193061,564.0880164085115
3.5,DRv2_DSv1,19,393.9981136752436,435.34001326959986,513.7279365544016
3.5,DRv2_DSv2,19,371.3837492169367,480.33168620690356,632.8799620029071
3.5,FixedSpend,19,539.2313503621717,545.6475424933809,552.3816253581092
3.5,DRv2_DSv1,20,388.6506013553736,434.17885325427693,514.4039795951142
3.5,DRv2_DSv2,20,361.71839898865386,472.4155366491125,628.7095046325263
3.5,FixedSpend,20,527.3378220167424,533.913051881639,540.5832964056787
3.5,DRv2_DSv1,21,251.2608778263695,290.5211767726355,358.4299706809766
3.5,DRv2_DSv2,21,216.6655764336951,320.68456217059384,465.80827927029225
3.5,FixedSpend,21,362.7380704988809,377.17488990781277,389.9383252386093
3.5,DRv2_DSv1,22,248.98316628144266,289.4058803289674,360.9390953915712
3.5,DRv2_DSv2,22,205.2825531213786,313.0881280920515,462.01464395880987
3.5,FixedSpend,22,349.6067834634749,365.2419704910606,378.23452314549445
3.5,DRv2_DSv1,23,247.27096184992305,288.82782686723425,364.1918165069946
3.5,DRv2_DSv2,23,196.85423358295768,306.1101586694236,452.1228700320656
3.5,FixedSpend,23,337.5036540398189,353.68942731875717,367.2980100922939
3.5,DRv2_DSv1,24,244.4492635105074,287.3847061708378,365.74694234664486
3.5,DRv2_DSv2,24,188.2504667688781,298.22168631033793,444.0682079629181
3.5,FixedSpend,24,326.16236168469595,342.8887890340887,356.4073572878342
3.5,DRv2_DSv1,25,241.00112689787358,285.4827986303618,368.11626318133085
3.5,DRv2_DSv2,25,179.46466932041852,290.1555127249484,439.3832715481045
3.5,FixedSpend,25,314.1907555138087,331.7459861853023,345.83544828181044
3.5,DRv2_DSv1,26,237.6660018313598,284.32665454400257,367.2188963427044
3.5,DRv2_DSv2,26,173.1786140942446,279.3105901820626,425.31560622151187
3.5,FixedSpend,26,302.5448983273202,320.7301917490213,334.58895702590235
3.5,DRv2_DSv1,27,235.07747710762783,284.68392894037663,369.5107686495934
3.5,DRv2_DSv2,27,166.86777383431055,272.3172787082759,416.21893441726115
3.5,FixedSpend,27,289.73785019278523,309.21066570707467,323.16389564893217
3.5,DRv2_DSv1,28,231.58701411270042,284.61898146237286,370.5416700268777
3.5,DRv2_DSv2,28,159.83283124372127,262.76022099549425,410.28603560194233
3.5,FixedSpend,28,276.3665459033111,296.815058204165,311.1134875740167
3.5,DRv2_DSv1,29,228.25175736823007,283.7734420766975,370.874964854062
3.5,DRv2_DSv2,29,150.756560487234,254.51413609411293,397.9744732314722
3.5,FixedSpend,29,262.88666875717917,283.81601753047767,298.5131474639869
3.5,DRv2_DSv1,30,225.34841401504448,281.7384618300198,370.96920838193444
3.5,DRv2_DSv2,30,141.11299484472414,243.96969603996035,386.68951247451395
3.5,FixedSpend,30,248.57488323811708,269.9546174172224,284.8404416215044
3.5,DRv2_DSv1,31,222.24669089484593,282.37026687713393,371.1881009898611
3.5,DRv2_DSv2,31,130.12695230790212,230.46115060372233,376.3221319432805
3.5,FixedSpend,31,233.47133173981547,255.35880211216752,271.16362299212574
3.5,DRv2_DSv1,32,220.91644411004054,280.10028616337775,371.3887124098886
3.5,DRv2_DSv2,32,120.4910599004013,220.8664343341796,365.58396628452124
3.5,FixedSpend,32,218.57489525701988,240.94198366398683,257.71941019901453
3.5,DRv2_DSv1,33,217.80185819536402,280.7121391555037,371.6250176524702
3.5,DRv2_DSv2,33,110.5238150060283,211.24666482151724,359.11673509987867
3.5,FixedSpend,33,204.06917157355082,227.83036096162925,244.9048155354423
3.5,DRv2_DSv1,34,213.58540294808745,280.71410063322855,371.4810294740714
3.5,DRv2_DSv2,34,104.4189529824244,204.71159581676412,348.54566741652843
3.5,FixedSpend,34,191.27168139620886,215.76791802749298,233.0185973372756
3.5,DRv2_DSv1,35,211.66475256971674,279.6877625385539,372.83795463652143
3.5,DRv2_DSv2,35,96.18828944166154,195.4164479347868,337.88546776715725
3.5,FixedSpend,35,180.5004919395673,206.25310249430012,223.27837168066065
3.5,DRv2_DSv1,36,207.7579838985714,278.21239375024237,372.3290803017054
3.5,DRv2_DSv2,36,92.11320328377178,190.9869430866428,330.5782519391272
3.5,FixedSpend,36,171.47342726803848,196.9496826276666,215.41872092134668
3.5,DRv2_DSv1,37,203.9469902812006,276.7817292197202,373.92885904259253
3.5,DRv2_DSv2,37,87.53010266522914,185.95008715006435,328.46917067814735
3.5,FixedSpend,37,163.82009134487248,189.31388020300813,208.2756063151974
3.5,DRv2_DSv1,38,200.2672489614358,276.71114693011344,370.57925801334767
3.5,DRv2_DSv2,38,82.42593396787723,183.82263978788328,324.80006476323183
3.5,FixedSpend,38,156.6301596682897,183.75200419359643,202.5448551118898
3.5,DRv2_DSv1,39,197.92558907298468,275.61041165841266,370.0120210311526
3.5,DRv2_DSv2,39,80.2787087613462,181.0042402887903,322.02611258707134
3.5,FixedSpend,39,150.30234274999196,178.49862611998157,198.18240388085968
3.5,DRv2_DSv1,40,193.36406833693644,273.76138277072045,368.11933157803696
3.5,DRv2_DSv2,40,76.03352202018075,177.20679023985969,327.00136752767
3.5,FixedSpend,40,143.50621596038815,173.66668353952485,194.36978849448113
3.5,DRv2_DSv1,41,190.70172750658207,271.9355994577269,369.12192824051056
3.5,DRv2_DSv2,41,72.46291182762972,176.4278400134656,328.8615649664729
3.5,FixedSpend,41,138.59214461397448,169.72166984611323,191.1491282359981
3.5,DRv2_DSv1,42,186.23399533297192,268.8438535361341,369.66493969557735
3.5,DRv2_DSv2,42,71.16720128436125,174.6039232592694,332.6235816094194
3.5,FixedSpend,42,134.0523588515506,165.49487856672204,188.22563825052532
3.5,DRv2_DSv1,43,184.31875442902947,267.2688798978693,370.7360164598813
3.5,DRv2_DSv2,43,68.02276230749271,171.2765046697229,335.0344039497647
3.5,FixedSpend,43,128.96856215946488,162.20541790299262,185.0235163652933
3.5,DRv2_DSv1,44,183.33150356552093,266.5099895020819,369.4957421987568
3.5,DRv2_DSv2,44,66.68180018735035,171.9887887798445,336.0027585522288
3.5,FixedSpend,44,124.90819750771583,158.29210236472812,181.49312902320352
3.5,DRv2_DSv1,45,179.2104711650964,263.7181472994343,370.63232922935083
3.5,DRv2_DSv2,45,66.14615752180026,172.10436309405367,338.8491821567086
3.5,FixedSpend,45,120.32036984062083,153.63866287842424,178.33687574330062
3.5,DRv2_DSv1,46,176.73936420865058,262.1196565191299,370.64621752200503
3.5,DRv2_DSv2,46,63.894976402100625,170.1314673923077,338.75084881482286
3.5,FixedSpend,46,116.43162280815861,149.85088880179075,175.55745388948054
3.5,DRv2_DSv1,47,173.7020716855197,257.86786933838596,370.79087631525493
3.5,DRv2_DSv2,47,61.093980412389755,166.543752832174,339.7140282656255
3.5,FixedSpend,47,109.20341221546495,144.1200879677043,171.68503720670157
3.5,DRv2_DSv1,48,169.0595903654286,254.9491177782106,371.5905491823421
3.5,DRv2_DSv2,48,56.509138081892466,162.01821666624517,334.68146532199086
3.5,FixedSpend,48,102.83756807120724,139.16614057487737,167.0986320152485
3.5,DRv2_DSv1,49,163.94974698065312,252.81207488968545,370.3005841014426
3.5,DRv2_DSv2,49,51.97837888039519,159.00967133659861,329.88581172058394
3.5,FixedSpend,49,95.32077330111221,133.23484497819717,161.7254409365305
3.5,DRv2_DSv1,50,160.1253460216566,250.90153131803413,367.86360651063137
3.5,DRv2_DSv2,50,47.604504220171876,154.98995170544484,319.4897314330832
3.5,FixedSpend,50,87.64078881149459,126.93773381870103,156.38680812359607
3.5,DRv2_DSv1,51,156.58771910978243,251.0231236914322,363.7618497183428
3.5,DRv2_DSv2,51,44.49255465360287,152.53026723322898,321.0310808206881
3.5,FixedSpend,51,78.45446611197488,120.82531900434113,150.3723575330638
3.5,DRv2_DSv1,52,154.02215867993056,249.294084851106,363.890014110825
3.5,DRv2_DSv2,52,39.41150848338772,146.7697268961394,318.62921350663277
3.5,FixedSpend,52,70.8880684138413,114.46028482268582,144.93082674067398
3.5,DRv2_DSv1,53,149.62239632397873,248.070485359121,363.0747885968068
3.5,DRv2_DSv2,53,34.075857076990154,142.97532458045185,314.13018648477646
3.5,FixedSpend,53,62.76633233160775,108.040255162491,139.32506563186172
3.5,DRv2_DSv1,54,146.75831185052598,243.56590736363586,362.2708364535503
3.5,DRv2_DSv2,54,28.741449276453576,138.65157232571676,307.2483826796376
3.5,FixedSpend,54,55.28112637120996,100.96175419505758,132.2349557757056
3.5,DRv2_DSv1,55,144.21656902376054,242.99098910982423,361.20621167763386
3.5,DRv2_DSv2,55,27.890894938140523,133.27576347501417,301.2167552078796
3.5,FixedSpend,55,46.914528983011145,93.30511351500101,125.75443441488513
4.0,DRv2_DSv1,1,498.6039066653034,498.7450672920926,498.8903476285341
4.0,DRv2_DSv2,1,473.62601574216666,473.76717636895586,473.9124567053974
4.0,FixedSpend,1,478.5363502231062,481.84524590912423,485.2507102333403
4.0,DRv2_DSv1,2,491.50554918351327,491.8663047693113,503.3667565338311
4.0,DRv2_DSv2,2,468.7957872029597,475.07035886440747,481.11578040881375
4.0,FixedSpend,2,487.28066511911516,491.8120738267869,496.1160942547309
4.0,DRv2_DSv1,3,484.56763632756235,495.9403029520088,507.98283189736105
4.0,DRv2_DSv2,3,463.47617925346003,476.6687626741949,490.5038058372363
4.0,FixedSpend,3,497.2289411217354,502.3011501727658,507.4665292390554
4.0,DRv2_DSv1,4,477.73814333399696,489.37592077698355,512.3333217220336
4.0,DRv2_DSv2,4,456.1385526477184,478.57333063003216,499.86986757032344
4.0,FixedSpend,4,507.5473488235394,513.0144843406624,518.3399542060695
4.0,DRv2_DSv1,5,470.99163161167286,493.5394088925515,507.74201641113865
4.0,DRv2_DSv2,5,449.0044630132455,478.0986746593266,509.26193587589654
4.0,FixedSpend,5,518.0300381442901,523.4347491883843,528.9837629801444
4.0,DRv2_DSv1,6,464.32649101653993,487.1630835482603,510.9404010931738
4.0,DRv2_DSv2,6,442.5158458050729,479.5328835358383,517.7235741595973
4.0,FixedSpend,6,527.9949841263287,533.8267677176954,539.7748541801533
4.0,DRv2_DSv1,7,457.7376899559947,490.474920615301,515.582919636122
4.0,DRv2_DSv2,7,435.6106337138332,481.41740601912124,527.7031604000204
4.0,FixedSpend,7,537.8208986004571,544.1176717503951,550.3419952028196
4.0,DRv2_DSv1,8,451.347334263033,484.4025202399016,520.2744032356696
4.0,DRv2_DSv2,8,428.462507855941,481.2401045058677,536.4724155644908
4.0,FixedSpend,8,547.4766371067076,553.8084153281454,560.1405250911223
4.0,DRv2_DSv1,9,445.01356858929455,479.3820749860424,523.6526673695464
4.0,DRv2_DSv2,9,422.63831916137804,482.81825253883466,546.0191683357558
4.0,FixedSpend,9,556.6006647201045,562.7280738665314,569.1224654461544
4.0,DRv2_DSv1,10,438.81847300228304,475.62566070404716,518.2692305129366
4.0,DRv2_DSv2,10,416.94991677692406,483.78643865973356,555.258000708945
4.0,FixedSpend,10,564.0301682465501,570.6243200109782,577.7400629860442
4.0,DRv2_DSv1,11,434.23887509412066,473.20406405262503,522.5604758559864
4.0,DRv2_DSv2,11,409.33526372744495,484.57383584639194,564.3244169942266
4.0,FixedSpend,11,570.0477901297718,577.0576152467065,584.1809240426338
4.0,DRv2_DSv1,12,429.4222589614514,468.0262373168521,517.8554585546781
4.0,DRv2_DSv2,12,405.8112371519205,484.8853808227292,574.0529794456913
4.0,FixedSpend,12,574.6843181903575,581.8167767252096,588.9388300089905
4.0,DRv2_DSv1,13,424.8207889911518,461.63905872036787,520.0257796026718
4.0,DRv2_DSv2,13,398.9385722663957,485.198578018519,585.0247129994925
4.0,FixedSpend,13,577.0922358556776,584.4273595627722,591.1080014256138
4.0,DRv2_DSv1,14,421.0483573871426,455.4688686906023,517.8728305797836
4.0,DRv2_DSv2,14,392.1245555533808,483.59992734558847,591.218045466482
4.0,FixedSpend,14,577.0504160111907,584.5774420439716,591.305615611397
4.0,DRv2_DSv1,15,417.0724170324051,455.44881033130827,517.9153856269194
4.0,DRv2_DSv2,15,384.675645661335,477.85507318802684,593.960140371042
4.0,FixedSpend,15,574.3326656005236,581.7292045761108,588.4810529378417
4.0,DRv2_DSv1,16,411.3742036646605,452.34457248823287,516.6570840708348
4.0,DRv2_DSv2,16,376.29855584852703,471.1993333185685,594.4515228572827
4.0,FixedSpend,16,568.8120665885114,575.7530230269655,582.8838205260254
4.0,DRv2_DSv1,17,405.7406815450921,446.7541407511079,515.3191064046761
4.0,DRv2_DSv2,17,370.46295635409706,466.81619390302626,594.9638601313428
4.0,FixedSpend,17,560.0399889201991,567.2745449268671,574.38873078923
4.0,DRv2_DSv1,18,400.35636245712243,445.31630436171633,515.869492015723
4.0,DRv2_DSv2,18,362.1409122190695,459.0542388949225,596.9230376625782
4.0,FixedSpend,18,550.2725795771081,557.034020902474,564.0043959625253
4.0,DRv2_DSv1,19,396.9193568349467,443.0160030373418,512.7243216881811
4.0,DRv2_DSv2,19,352.954487345529,450.332135458048,598.7676768196293
4.0,FixedSpend,19,539.1458333175208,545.5281826895148,552.343083330816
4.0,DRv2_DSv1,20,395.53162352858607,437.92760993772663,514.9243889055801
4.0,DRv2_DSv2,20,345.4753332021383,443.4211698352602,593.0882355163616
4.0,FixedSpend,20,527.3190298862489,533.7581146731266,540.3683637761499
4.0,DRv2_DSv1,21,254.47531354843537,295.92688870375787,361.2907470611699
4.0,DRv2_DSv2,21,199.9211940166577,292.92709061934613,427.67141877116194
4.0,FixedSpend,21,361.76765169434486,376.49259132024963,389.02770089515013
4.0,DRv2_DSv1,22,252.07268005935958,294.11055729593954,363.6514391755154
4.0,DRv2_DSv2,22,190.8121190395761,284.8293013910676,423.76698346682633
4.0,FixedSpend,22,349.26748582448255,364.5861250255261,377.58798973754296
4.0,DRv2_DSv1,23,250.315900047543,292.4455695031162,366.0955928878858
4.0,DRv2_DSv2,23,183.49667466799622,279.8457030219953,418.1989219852636
4.0,FixedSpend,23,336.85706175563564,352.79598622983184,366.2264821660105
4.0,DRv2_DSv1,24,247.71118633469334,291.2429196525452,367.91343936718886
4.0,DRv2_DSv2,24,173.37418054024113,273.93457097807294,410.7356969606567
4.0,FixedSpend,24,325.22236168706644,341.8853040191542,355.55678924313173
4.0,DRv2_DSv1,25,244.7057450900552,289.58866158150494,369.90808992668445
4.0,DRv2_DSv2,25,167.9489690252625,266.30544412429555,405.94654562524556
4.0,FixedSpend,25,313.7029788085922,330.9734943107359,344.6572719068308
4.0,DRv2_DSv1,26,240.6795517227403,288.2579388412877,370.2150640251488
4.0,DRv2_DSv2,26,162.6140070804532,257.6177181679259,398.0551557654224
4.0,FixedSpend,26,301.71735339037537,319.91613134797143,333.2933277020904
4.0,DRv2_DSv1,27,238.429530054326,286.5639543160253,369.31967010659486
4.0,DRv2_DSv2,27,155.91659942577945,250.71727243859607,389.91630617543956
4.0,FixedSpend,27,288.94212009183326,308.27682109099135,321.8552146099539
4.0,DRv2_DSv1,28,234.85064688381405,284.1861487863978,368.270029523711
4.0,DRv2_DSv2,28,148.42991180641138,242.5622671509613,383.6134445072736
4.0,FixedSpend,28,275.53849695564577,295.8501746758272,309.9101700371473
4.0,DRv2_DSv1,29,231.7267972505805,283.8694004104868,367.96075960113325
4.0,DRv2_DSv2,29,139.79675351767355,235.87559856880242,375.6963244902203
4.0,FixedSpend,29,261.52977154103723,282.3714705151584,297.6432640085875
4.0,DRv2_DSv1,30,228.35348868435233,283.60945369293364,368.59165607942657
4.0,DRv2_DSv2,30,130.14018362247833,228.36133156467022,366.51630464593666
4.0,FixedSpend,30,246.5557729978005,268.73875240618037,283.6490188715411
4.0,DRv2_DSv1,31,225.63474940439048,282.11896066674166,369.313962276187
4.0,DRv2_DSv2,31,122.91715586838205,216.68882388333657,353.9222806001025
4.0,FixedSpend,31,231.32042429616928,254.16460124593425,269.6717768301612
4.0,DRv2_DSv1,32,221.32770741164558,280.6089624745588,368.56536134225485
4.0,DRv2_DSv2,32,112.97038046138057,205.2122345226971,338.72769904508345
4.0,FixedSpend,32,215.70622877220254,239.32494505413885,256.3357035430254
4.0,DRv2_DSv1,33,217.11834181983207,277.7741642897257,368.30790985345874
4.0,DRv2_DSv2,33,103.5564260229693,195.0930509039365,329.85612439283193
4.0,FixedSpend,33,201.8304869214524,226.57662070884234,243.5065835098363
4.0,DRv2_DSv1,34,212.83596917611231,275.10901361332594,367.33955731623746
4.0,DRv2_DSv2,34,94.02863106826774,188.81611870970494,320.4165994183794
4.0,FixedSpend,34,189.01797948195875,214.76571824149386,231.71604027687403
4.0,DRv2_DSv1,35,209.64739011303826,271.3892400160865,368.1046296842296
4.0,DRv2_DSv2,35,89.63297154777243,181.01333937738997,315.3449468221472
4.0,FixedSpend,35,178.34417994994166,204.58553437647384,221.9434568497756
4.0,DRv2_DSv1,36,206.21599091026766,269.0058209828088,368.97168855977753
4.0,DRv2_DSv2,36,85.05643252238254,174.852382282992,313.2557041077104
4.0,FixedSpend,36,168.9459042305464,195.60976825857412,213.98068735515733
4.0,DRv2_DSv1,37,200.85481791668866,268.83351861562926,370.34196059018575
4.0,DRv2_DSv2,37,78.5993434392975,169.51575018724697,305.3358715012596
4.0,FixedSpend,37,161.52284618390732,188.12536165149749,206.81795497919404
4.0,DRv2_DSv1,38,196.6518916506006,266.98202415369764,366.0828971666851
4.0,DRv2_DSv2,38,75.8074764609677,167.8873591972848,305.68194676553946
4.0,FixedSpend,38,154.59946849398563,181.5925592082434,201.2745751313086
4.0,DRv2_DSv1,39,194.30491383666174,265.3132737988197,364.7205658319424
4.0,DRv2_DSv2,39,71.69005464001073,166.49557179499502,304.11586153401356
4.0,FixedSpend,39,148.35567764656767,176.6270036435452,196.88072526758458
4.0,DRv2_DSv1,40,190.60656294378103,262.8627785988689,366.107169872176
4.0,DRv2_DSv2,40,67.6206420044638,165.05893888572956,304.49476024665296
4.0,FixedSpend,40,142.55890791817717,171.73915455513716,192.76443564172388
4.0,DRv2_DSv1,41,186.02842739671672,259.6101577410932,366.32543057244584
4.0,DRv2_DSv2,41,67.2150690867957,162.42743240577988,306.48242343695637
4.0,FixedSpend,41,136.8936764677969,167.40767406229,189.3784742839566
4.0,DRv2_DSv1,42,181.80490081346886,256.67342093466425,366.0620822911285
4.0,DRv2_DSv2,42,64.22158385480454,157.38816159851572,306.99457293814936
4.0,FixedSpend,42,131.77062686868373,163.24201934624426,186.51178298740354
4.0,DRv2_DSv1,43,177.8230187573809,251.88194924502955,365.0196771393242
4.0,DRv2_DSv2,43,61.42773659211035,157.00469161802698,311.63723275392147
4.0,FixedSpend,43,127.41244354671747,159.52128674624487,183.14362162693914
4.0,DRv2_DSv1,44,173.0585885724685,249.12262606102428,364.0619105620119
4.0,DRv2_DSv2,44,60.465877426202816,156.8580264535543,308.49100886584137
4.0,FixedSpend,44,122.66953583851695,155.68894154620747,179.9942705733948
4.0,DRv2_DSv1,45,169.16609221092148,244.62552046291938,361.5992046261299
4.0,DRv2_DSv2,45,58.7954164854063,153.83152576308802,314.84975575778776
4.0,FixedSpend,45,118.52746982687249,151.6703313619089,177.04307083387968
4.0,DRv2_DSv1,46,165.66324428576388,241.77556783425462,361.5915424685753
4.0,DRv2_DSv2,46,57.19983268421069,152.9952936687646,315.9216141022483
4.0,FixedSpend,46,113.18592605208411,146.89324981526244,173.6324565551842
4.0,DRv2_DSv1,47,161.0372849830642,238.59072496198604,362.34642058959236
4.0,DRv2_DSv2,47,54.82671692714048,149.34588462844292,317.2171091337743
4.0,FixedSpend,47,107.36587614339194,141.8804559405604,168.67267167216556
4.0,DRv2_DSv1,48,156.53045981883528,234.86885447690585,361.90928820845824
4.0,DRv2_DSv2,48,52.35644410305832,151.27215702467007,316.0037573010293
4.0,FixedSpend,48,99.34108108489026,135.9152565510115,164.11304337962383
4.0,DRv2_DSv1,49,152.27265395438855,233.51847104570268,358.07731356563596
4.0,DRv2_DSv2,49,50.47796641631578,149.24669677000986,314.3413130375414
4.0,FixedSpend,49,92.2947810864322,129.75646381746728,158.5684661396441
4.0,DRv2_DSv1,50,148.26405876995253,230.29961417825842,356.3264490064247
4.0,DRv2_DSv2,50,46.48543922658805,145.57579508002738,308.6282095199521
4.0,FixedSpend,50,83.86095366179215,123.23755080824438,153.39799997568386
4.0,DRv2_DSv1,51,143.7913784731923,228.76128470902717,355.73536228381636
4.0,DRv2_DSv2,51,42.62607496372466,141.70803296760513,304.66346157359106
4.0,FixedSpend,51,74.63424828354623,116.50408995998828,147.11261251521222
4.0,DRv2_DSv1,52,138.86833549965465,226.7521951856591,353.24042014869394
4.0,DRv2_DSv2,52,38.21393901443808,139.94411887868642,302.70911882248464
4.0,FixedSpend,52,66.91285995580671,110.12979140069308,140.93035366207314
4.0,DRv2_DSv1,53,135.89587903983153,223.11572003476203,351.6119621532197
4.0,DRv2_DSv2,53,32.4748301721705,135.81860770471218,298.0390437591731
4.0,FixedSpend,53,59.280047401858084,102.92682905801972,134.94336713821008
4.0,DRv2_DSv1,54,131.13250123390114,219.45235955192157,348.45493923785415
4.0,DRv2_DSv2,54,30.041863538050233,130.45041291655912,294.8773847568776
4.0,FixedSpend,54,50.5206766527618,96.27296145968617,128.28603251617628
4.0,DRv2_DSv1,55,126.16263075168159,218.46810175402362,351.77077968612195
4.0,DRv2_DSv2,55,25.814599951371626,126.84308944822091,294.6594008090383
4.0,FixedSpend,55,42.666888428774996,88.37912269249757,121.56132188614677
4.5,DRv2_DSv1,1,498.6039066653034,498.7450672920926,498.8903476285341
4.5,DRv2_DSv2,1,473.62601574216666,473.76717636895586,473.9124567053974
4.5,FixedSpend,1,478.5363502231062,481.84524590912423,485.2507102333403
4.5,DRv2_DSv1,2,491.50173920444905,491.8426005507613,503.35557142314565
4.5,DRv2_DSv2,2,468.61504713682626,474.8276054827012,480.7575937501608
4.5,FixedSpend,2,487.28066511911516,491.8120738267869,496.1160942547309
4.5,DRv2_DSv1,3,484.55643701713495,495.86233307799927,507.7997370800937
4.5,DRv2_DSv2,3,462.6788089713709,475.7238213733634,489.0475040920189
4.5,FixedSpend,3,497.2289411217354,502.3011501727658,507.4665292390554
4.5,DRv2_DSv1,4,477.70762488966625,489.2499416857421,501.8445876883719
4.5,DRv2_DSv2,4,454.92813948638593,476.703133848671,497.5315742024823
4.5,FixedSpend,4,507.5473488235394,513.0144843406624,518.3399542060695
4.5,DRv2_DSv1,5,470.9448259299909,488.8201001844176,506.0607079975524
4.5,DRv2_DSv2,5,446.68738914577773,476.12429345759773,506.40028371882005
4.5,FixedSpend,5,518.0300381442901,523.4347491883843,528.9837629801444
4.5,DRv2_DSv1,6,464.28943170551014,486.6386667696812,510.7186668875636
4.5,DRv2_DSv2,6,439.75482063311165,475.8629222097362,514.196159637575
4.5,FixedSpend,6,527.9949841263287,533.8267677176954,539.7748541801533
4.5,DRv2_DSv1,7,457.7376899559947,482.15914665982564,515.4924769010674
4.5,DRv2_DSv2,7,430.9086989866834,476.19997237806047,522.7654645696806
4.5,FixedSpend,7,537.8208986004571,544.1176717503951,550.3419952028196
4.5,DRv2_DSv1,8,451.36121038901865,484.1043425095666,520.2900563353319
4.5,DRv2_DSv2,8,424.92368477234294,474.83425464558263,530.4795813013304
4.5,FixedSpend,8,547.474720866724,553.8021514522529,560.1452473597203
4.5,DRv2_DSv1,9,445.02420170561805,477.627106749351,525.0372455665221
4.5,DRv2_DSv2,9,417.13652426791464,474.5241260385941,537.7441630401272
4.5,FixedSpend,9,556.6006647201045,562.7280738665314,569.1224654461544
4.5,DRv2_DSv1,10,440.38247412832015,473.40537842538436,524.4385257664815
4.5,DRv2_DSv2,10,409.1106097554892,474.226644738305,544.181944393318
4.5,FixedSpend,10,564.0229819233948,570.5883624071303,577.6936351280914
4.5,DRv2_DSv1,11,436.5924013808994,473.8661085178476,523.0160895266802
4.5,DRv2_DSv2,11,403.2768652599889,473.66687201057294,552.2209397163319
4.5,FixedSpend,11,570.1013391350606,577.0840955690272,584.2789696830366
4.5,DRv2_DSv1,12,431.9764431763054,468.2514118941343,527.5750197901839
4.5,DRv2_DSv2,12,396.1588760192932,471.0044267599417,557.836974163507
4.5,FixedSpend,12,574.6903682391466,581.8135386471162,588.9348755542494
4.5,DRv2_DSv1,13,428.9221223517575,464.39871357982025,523.528569038568
4.5,DRv2_DSv2,13,389.2076766474759,467.28208057432727,564.1128793459071
4.5,FixedSpend,13,577.0460677012773,584.4037311985047,591.10682534906
4.5,DRv2_DSv1,14,423.19661772790573,463.2646748296697,525.3739953620086
4.5,DRv2_DSv2,14,381.1718490108045,462.9453007877067,569.8275222077157
4.5,FixedSpend,14,577.1105168640086,584.5459749264826,591.2810969376342
4.5,DRv2_DSv1,15,417.3719655805985,459.50696793250745,523.7310097767701
4.5,DRv2_DSv2,15,373.5293296979935,460.1619517647427,573.6489623582189
4.5,FixedSpend,15,574.3124404559173,581.7431103871426,588.5058507963174
4.5,DRv2_DSv1,16,411.6453629979304,456.67004791084787,522.7243369309881
4.5,DRv2_DSv2,16,366.053022908677,454.50203727277596,577.7108482864072
4.5,FixedSpend,16,568.7162790420044,575.4967207304248,582.8726459481219
4.5,DRv2_DSv1,17,406.0459711914255,456.04815323553413,525.1496833316086
4.5,DRv2_DSv2,17,357.76342590072426,448.98712873677897,576.5029501482476
4.5,FixedSpend,17,559.9757364692255,567.1863405726078,574.282577527724
4.5,DRv2_DSv1,18,403.7584735024376,450.89623685429524,520.2470676796298
4.5,DRv2_DSv2,18,349.1282052456708,441.14666832839663,574.1854428671102
4.5,FixedSpend,18,550.2118245403101,556.9597236295867,563.8928528420961
4.5,DRv2_DSv1,19,402.8046191748433,448.77042487071094,523.4521456869811
4.5,DRv2_DSv2,19,339.5914030441951,437.27028873026285,572.2114035071113
4.5,FixedSpend,19,539.0789316325352,545.3315924183287,552.3356061141823
4.5,DRv2_DSv1,20,397.9203005558936,447.9918435776215,521.490040601223
4.5,DRv2_DSv2,20,335.0483285983012,429.83944364773726,573.5345755502424
4.5,FixedSpend,20,527.2382941766186,533.7553602515745,540.3713309082564
4.5,DRv2_DSv1,21,254.29628793066658,306.00918322609436,369.13242393173095
4.5,DRv2_DSv2,21,187.73861564011196,276.14031825369307,403.2511882153442
4.5,FixedSpend,21,361.1589155085612,375.9474878608965,388.5021293136592
4.5,DRv2_DSv1,22,253.69491367759085,304.42425112916794,371.38966748945836
4.5,DRv2_DSv2,22,180.70020437567246,267.13263519153435,397.1627756176121
4.5,FixedSpend,22,348.40020095525847,363.85570328851963,376.79176294374076
4.5,DRv2_DSv1,23,251.4859603258733,303.0537674378459,374.8932731389902
4.5,DRv2_DSv2,23,173.62973174115635,261.8661864624243,391.7806125723112
4.5,FixedSpend,23,336.354669705022,351.9223970381524,365.2814250338329
4.5,DRv2_DSv1,24,249.51262341990528,301.24890006519934,375.7500170000384
4.5,DRv2_DSv2,24,165.72896123608896,254.14386608102157,389.6994763056094
4.5,FixedSpend,24,324.6464425489961,341.0311340857502,354.9146255036372
4.5,DRv2_DSv1,25,249.06158883300785,298.2780065544614,376.56892965856326
4.5,DRv2_DSv2,25,158.15494243799515,249.744827219363,384.6531788773767
4.5,FixedSpend,25,313.10637262222735,330.4661641941052,343.8051304461494
4.5,DRv2_DSv1,26,247.8191530294703,296.71059556428145,378.1797839483167
4.5,DRv2_DSv2,26,151.5682033777021,243.90854985910298,376.75254045194816
4.5,FixedSpend,26,300.7847934293797,319.4937763535233,332.9524645620006
4.5,DRv2_DSv1,27,245.954319940274,295.1822823509143,378.6257800273342
4.5,DRv2_DSv2,27,145.92042987931424,239.39890303460186,371.3364805668152
4.5,FixedSpend,27,288.218843612084,307.8377345328397,321.1740919597288
4.5,DRv2_DSv1,28,245.54748762750125,291.4972401267588,378.7166410345588
4.5,DRv2_DSv2,28,138.9363923855369,229.7797354223842,363.35840125340223
4.5,FixedSpend,28,274.54887925422236,295.3147909079572,308.7405300192062
4.5,DRv2_DSv1,29,242.5683413665367,289.31484478187474,378.8772995260576
4.5,DRv2_DSv2,29,130.99994403103122,224.29810698277421,352.48091321218976
4.5,FixedSpend,29,260.6101492189427,281.7604923401524,296.4881086251
4.5,DRv2_DSv1,30,238.3473531643129,287.08212259328474,378.3941481994103
4.5,DRv2_DSv2,30,121.54411441556618,214.49409952480093,347.2927120175061
4.5,FixedSpend,30,245.39074574838304,267.9580474116683,282.5336027461234
4.5,DRv2_DSv1,31,234.6689119144682,285.3684767206079,377.3279420879763
4.5,DRv2_DSv2,31,115.20659570576169,203.05570904706153,336.4112007495488
4.5,FixedSpend,31,230.36048619855083,253.0142867598774,268.30997122377227
4.5,DRv2_DSv1,32,230.2606295922007,282.444473083394,376.79421702229286
4.5,DRv2_DSv2,32,104.63064846786155,193.0540389347122,323.34033371372607
4.5,FixedSpend,32,215.05699919040995,238.31045807858945,254.9977843632932
4.5,DRv2_DSv1,33,226.27557383975576,279.22781218886007,377.41176301060443
4.5,DRv2_DSv2,33,94.70680014146582,185.2893407929649,314.61266731858524
4.5,FixedSpend,33,201.22048176908717,225.37041492047922,242.36588760390032
4.5,DRv2_DSv1,34,220.07842852736363,276.4669615669203,375.1471263656158
4.5,DRv2_DSv2,34,87.27663757081488,177.48225442950843,309.52655714665093
4.5,FixedSpend,34,188.12338456327527,214.10917658971712,230.96793721921307
4.5,DRv2_DSv1,35,216.91210014983747,275.0468869027216,372.4638133520968
4.5,DRv2_DSv2,35,80.75195857006503,170.42372175180327,303.20957007587435
4.5,FixedSpend,35,177.64353450309045,203.77057483882157,220.52114857852933
4.5,DRv2_DSv1,36,212.55979669980545,274.54317168627,369.9414330430442
4.5,DRv2_DSv2,36,77.53508940571423,164.71954799430364,300.9026307159873
4.5,FixedSpend,36,167.7377624949579,194.6876318590845,212.84134158455504
4.5,DRv2_DSv1,37,209.00555578092747,271.66118161336453,367.5880563876763
4.5,DRv2_DSv2,37,74.84093421480227,161.49107260904444,290.55835327262764
4.5,FixedSpend,37,160.22980392483254,187.16035230149026,205.69381054105918
4.5,DRv2_DSv1,38,203.5961156603882,269.5001985249593,368.05032224215483
4.5,DRv2_DSv2,38,70.7665682719746,159.74529081780332,287.17090962018665
4.5,FixedSpend,38,153.25670908558953,180.79216462963637,199.85006223412222
4.5,DRv2_DSv1,39,199.4082346300542,264.5774412179444,363.9926110521154
4.5,DRv2_DSv2,39,69.7191058236988,157.9210128075394,288.9057096793139
4.5,FixedSpend,39,147.04430212083523,175.2358855604793,194.99498665054506
4.5,DRv2_DSv1,40,195.87063321186653,263.6397038866975,363.4521438570582
4.5,DRv2_DSv2,40,67.2405147190358,156.95254454273655,293.75086575235866
4.5,FixedSpend,40,141.2028599778403,170.42614160479997,191.16338981891286
4.5,DRv2_DSv1,41,190.01116900850565,258.69564624230037,363.4254934240447
4.5,DRv2_DSv2,41,62.69029179145292,154.18020074162894,292.6164613733987
4.5,FixedSpend,41,136.04582755208102,165.82146879632856,188.45786781288382
4.5,DRv2_DSv1,42,185.68410902992986,255.1684150230331,363.826963948087
4.5,DRv2_DSv2,42,62.26225080780114,151.3578722135401,291.62497170570145
4.5,FixedSpend,42,130.83552869430065,161.93776921296364,184.98450367385834
4.5,DRv2_DSv1,43,179.13742852925893,250.90763592699992,361.7644885517965
4.5,DRv2_DSv2,43,62.18530283415355,149.76345993434478,291.4131075084358
4.5,FixedSpend,43,126.90459898060706,158.16509209785033,181.20364231119785
4.5,DRv2_DSv1,44,175.5897187351783,248.18542861570393,358.62374419419035
4.5,DRv2_DSv2,44,62.44163328563262,149.2877580228618,296.9183071453253
4.5,FixedSpend,44,121.80770346413601,153.63819876237102,178.38839263214368
4.5,DRv2_DSv1,45,171.97629895752993,245.12435010158808,357.85025327351104
4.5,DRv2_DSv2,45,60.28119923414374,147.26143644026118,300.18557144618626
4.5,FixedSpend,45,115.78658759774098,149.7305436356514,174.33586635147344
4.5,DRv2_DSv1,46,167.27191630311995,241.0078548219617,356.9509907473971
4.5,DRv2_DSv2,46,57.28206573146309,148.15662507368066,303.14287768698557
4.5,FixedSpend,46,110.73477305001416,144.39042779240742,170.18983744764574
4.5,DRv2_DSv1,47,162.59669748630967,237.9167964492425,357.69141707950575
4.5,DRv2_DSv2,47,55.189728777275604,147.28818095767522,303.10102241847176
4.5,FixedSpend,47,103.47579422871621,139.17248360719853,165.67790396050344
4.5,DRv2_DSv1,48,156.92580278872796,237.17666676818757,355.4793611597786
4.5,DRv2_DSv2,48,53.61646284608777,147.10579291902667,306.64973326502434
4.5,FixedSpend,48,96.02751127916696,133.09251299051564,160.2874444771249
4.5,DRv2_DSv1,49,152.2817574704445,234.20362643232028,352.9123298309604
4.5,DRv2_DSv2,49,49.14923258803376,141.94219749693843,302.863822111539
4.5,FixedSpend,49,87.66465846678106,126.90742763905345,155.43478962141836
4.5,DRv2_DSv1,50,148.81309148996905,232.1085015805549,354.7415703651853
4.5,DRv2_DSv2,50,45.504515252907375,141.88403089482523,302.04475295523974
4.5,FixedSpend,50,79.57081850224048,119.88938863042648,149.61452925871947
4.5,DRv2_DSv1,51,145.40213792214644,228.4850216629246,353.0570053327431
4.5,DRv2_DSv2,51,41.909172587078444,138.762716112524,297.97672580961023
4.5,FixedSpend,51,72.10204746801305,113.73905484777833,142.4712190138448
4.5,DRv2_DSv1,52,141.28441198237317,227.92508567112347,353.7469575778737
4.5,DRv2_DSv2,52,39.30723703552094,142.52212488001743,299.4090109225325
4.5,FixedSpend,52,63.047831623983726,106.45569510321776,136.38150464468097
4.5,DRv2_DSv1,53,136.19617918137158,222.28624569188628,351.3763857441051
4.5,DRv2_DSv2,53,36.08590365821237,139.92347043838626,298.6307653080991
4.5,FixedSpend,53,54.035572316441105,99.0083462978232,130.16264705276643
4.5,DRv2_DSv1,54,131.52948774418337,217.8020997637286,353.01176806590576
4.5,DRv2_DSv2,54,32.358240917468535,136.6306991560043,290.1948614266493
4.5,FixedSpend,54,45.99023319585383,91.43472456788727,124.0389412281099
4.5,DRv2_DSv1,55,126.87253221772153,214.33196665981347,353.20155208979446
4.5,DRv2_DSv2,55,28.640510714332702,132.82322152127122,278.80647476019203
4.5,FixedSpend,55,35.835640854695896,83.70876858401162,117.13381497163766
5.0,DRv2_DSv1,1,498.6039066653034,498.7450672920926,498.8903476285341
5.0,DRv2_DSv2,1,473.62601574216666,473.76717636895586,473.9124567053974
5.0,FixedSpend,1,478.5363502231062,481.84524590912423,485.2507102333403
5.0,DRv2_DSv1,2,491.4997565930233,491.82691789838975,503.34072624669227
5.0,DRv2_DSv2,2,468.52358338069325,474.74067559673125,480.71306578129975
5.0,FixedSpend,2,487.28066511911516,491.8120738267869,496.1160942547309
5.0,DRv2_DSv1,3,484.54732288028663,495.7640519202339,507.56115339223413
5.0,DRv2_DSv2,3,462.5112707370622,475.4115958694734,488.53217374611773
5.0,FixedSpend,3,497.2289411217354,502.3011501727658,507.4665292390554
5.0,DRv2_DSv1,4,477.68797251655167,489.1649654303791,501.3786587228807
5.0,DRv2_DSv2,4,454.36720250658107,476.01437763813,496.4671696393142
5.0,FixedSpend,4,507.5473488235394,513.0144843406624,518.3399542060695
5.0,DRv2_DSv1,5,470.89968891620714,482.6940546591735,505.8842736803453
5.0,DRv2_DSv2,5,445.75489715920264,474.88289430281884,504.07619416408016
5.0,FixedSpend,5,518.0300381442901,523.4347491883843,528.9837629801444
5.0,DRv2_DSv1,6,464.2300746731108,486.2674690477568,510.49424984505436
5.0,DRv2_DSv2,6,437.96568867677826,474.01721210884585,512.3316003095013
5.0,FixedSpend,6,527.9949841263287,533.8267677176954,539.7748541801533
5.0,DRv2_DSv1,7,457.6491764272828,479.81015134857273,515.2034912872538
5.0,DRv2_DSv2,7,429.7408998721408,473.42889996811243,519.1676271494118
5.0,FixedSpend,7,537.8208986004571,544.1176717503951,550.3419952028196
5.0,DRv2_DSv1,8,451.1734257630777,473.44697161374677,519.6547058470071
5.0,DRv2_DSv2,8,421.20018674004916,471.9625967639446,525.3910757078395
5.0,FixedSpend,8,547.474720866724,553.8021514522529,560.1452473597203
5.0,DRv2_DSv1,9,444.81985153278697,476.7164385403307,516.3444521448052
5.0,DRv2_DSv2,9,413.99353795058005,470.03619971613284,531.1527221271758
5.0,FixedSpend,9,556.5640059042811,562.7131921951444,569.1151394452415
5.0,DRv2_DSv1,10,438.6563114318738,470.47121995039356,518.3584343346648
5.0,DRv2_DSv2,10,404.93976655382926,468.80832917559144,534.8676216396632
5.0,FixedSpend,10,564.0229819233948,570.5883624071303,577.6879882600422
5.0,DRv2_DSv1,11,432.99247549950513,464.53781728459694,522.9709222828384
5.0,DRv2_DSv2,11,396.31697350519306,466.3205731363016,540.4287134056941
5.0,FixedSpend,11,570.0921953882274,577.0644960781934,584.1715126624493
5.0,DRv2_DSv1,12,432.63594978650747,466.6729429136771,527.3374267345023
5.0,DRv2_DSv2,12,390.54214106542065,463.18911280700627,547.9057481662569
5.0,FixedSpend,12,574.6825639171507,581.7982353875998,588.9276018865471
5.0,DRv2_DSv1,13,429.1210828535218,461.67057184669403,522.9726016766818
5.0,DRv2_DSv2,13,383.33330922061145,458.9341770726609,552.2911357112014
5.0,FixedSpend,13,577.0405700254776,584.3668110742175,591.1269918662015
5.0,DRv2_DSv1,14,423.3545180203233,460.7875950071832,525.3466493827734
5.0,DRv2_DSv2,14,373.4312779319729,452.19991670838004,559.0065106025431
5.0,FixedSpend,14,577.1087383501838,584.5774420439716,591.2992890698733
5.0,DRv2_DSv1,15,417.4469691921547,459.3822379315946,528.3163632353851
5.0,DRv2_DSv2,15,364.9934652878099,445.560166835281,560.5936121450842
5.0,FixedSpend,15,574.2243702674036,581.6740367473598,588.4600178409415
5.0,DRv2_DSv1,16,411.74191104668665,457.63593057226944,523.4587674184805
5.0,DRv2_DSv2,16,355.9296715476014,442.3349529258501,562.5209908344467
5.0,FixedSpend,16,568.6498286981281,575.3529702257024,582.7505672944167
5.0,DRv2_DSv1,17,409.52417017246734,456.74322584743317,527.8310767579279
5.0,DRv2_DSv2,17,348.00752275585586,439.9549412033586,561.2956447177812
5.0,FixedSpend,17,559.8639547960896,567.1863405726078,574.0654066400066
5.0,DRv2_DSv1,18,408.7517338015358,455.2243227448063,526.521614902011
5.0,DRv2_DSv2,18,341.4885839826959,433.3678949206409,564.121431093824
5.0,FixedSpend,18,550.1260587785623,556.9103156165991,563.7673402773395
5.0,DRv2_DSv1,19,403.5304029043241,455.01822800502345,525.4557730358738
5.0,DRv2_DSv2,19,332.881134640033,422.14671579651883,555.2064075945771
5.0,FixedSpend,19,539.0239096819494,545.1595416509388,552.2722834143817
5.0,DRv2_DSv1,20,398.3532063560954,457.32704908237616,528.4813196231306
5.0,DRv2_DSv2,20,328.46654884768355,416.6558505956166,552.3336284370755
5.0,FixedSpend,20,527.0096320673719,533.7329625901618,540.2660757907969
5.0,DRv2_DSv1,21,257.4611371172181,314.8711909011749,374.1705924393615
5.0,DRv2_DSv2,21,180.9843073072601,262.33360470912356,383.1127080771268
5.0,FixedSpend,21,360.6990431970096,375.4646577492639,387.7648212147656
5.0,DRv2_DSv1,22,257.4081998824479,313.05695330981405,376.0531194886696
5.0,DRv2_DSv2,22,174.08678079641328,255.7503647576579,377.34105621002436
5.0,FixedSpend,22,347.98844685512057,363.3835708737662,376.005302868482
5.0,DRv2_DSv1,23,257.28840489363984,311.3203319122034,377.9776625209821
5.0,DRv2_DSv2,23,166.43986136785867,248.072689183452,375.6339835203933
5.0,FixedSpend,23,335.77994412039476,351.2568865621904,364.31954064601837
5.0,DRv2_DSv1,24,256.74729533147956,309.3526614339491,380.03291798820817
5.0,DRv2_DSv2,24,161.85032511240286,242.5612053573493,372.45812328669643
5.0,FixedSpend,24,323.236639608719,340.2831846300644,353.6101809477485
5.0,DRv2_DSv1,25,255.59753950243248,306.3336837315704,380.5442962296784
5.0,DRv2_DSv2,25,153.92245406763837,240.1258768545199,367.37547451307654
5.0,FixedSpend,25,312.0797734137602,329.6920627103207,342.84134608610816
5.0,DRv2_DSv1,26,254.9292508591318,305.184065728428,380.67185402247355
5.0,DRv2_DSv2,26,148.74283047503462,234.89165236821623,361.43846320003945
5.0,FixedSpend,26,299.9072277283477,318.3595098491261,332.30599818297117
5.0,DRv2_DSv1,27,252.49126298993846,302.95598785075913,380.90333562571874
5.0,DRv2_DSv2,27,141.03550881404365,226.28770990800476,357.63273789398914
5.0,FixedSpend,27,287.0438695659178,306.6902096061658,320.3419426885083
5.0,DRv2_DSv1,28,250.53235622762486,298.8962923102853,378.54078425231
5.0,DRv2_DSv2,28,135.45708634465677,220.6137678085402,350.821234183525
5.0,FixedSpend,28,273.57227212021235,294.1568907850308,308.0023787674967
5.0,DRv2_DSv1,29,247.90395359198823,298.04678604499884,377.1884516138684
5.0,DRv2_DSv2,29,127.49592504583451,214.94776515540445,341.09340787338544
5.0,FixedSpend,29,258.7919247322667,280.94051640852234,295.6724972378866
5.0,DRv2_DSv1,30,244.54802211408605,295.16050999872584,378.1282563617982
5.0,DRv2_DSv2,30,118.70086623301447,206.8506369734484,335.4860169465753
5.0,FixedSpend,30,243.59053411254052,266.69793738301576,281.43154825072247
5.0,DRv2_DSv1,31,242.64468760337215,293.98951534200654,378.72382889965456
5.0,DRv2_DSv2,31,109.68397034890114,197.65353411275586,321.4579849875071
5.0,FixedSpend,31,228.07340414394625,251.9896637982353,267.40602007053064
5.0,DRv2_DSv1,32,239.50056854038633,290.9057013597579,378.38982865318445
5.0,DRv2_DSv2,32,102.90350187465108,188.45547079243545,312.7084812211028
5.0,FixedSpend,32,213.19570166892515,237.3725897823174,253.95246424711104
5.0,DRv2_DSv1,33,235.7210930749335,286.69197355057383,377.6501405548363
5.0,DRv2_DSv2,33,94.60570119034897,179.02670775204413,307.5803052009822
5.0,FixedSpend,33,198.81958615356845,223.87330564230555,241.51484852813314
5.0,DRv2_DSv1,34,232.15764508010128,281.82074154346924,377.9732122043475
5.0,DRv2_DSv2,34,87.0577160652487,174.26515118319492,301.4003693122134
5.0,FixedSpend,34,185.5531261821777,212.01275653861535,229.69851289459046
5.0,DRv2_DSv1,35,226.4841158774966,279.7431678848421,376.4843668547355
5.0,DRv2_DSv2,35,82.06710969278542,164.1346290121698,291.62666813138526
5.0,FixedSpend,35,175.03292867177385,202.02201534359392,219.69359436759407
5.0,DRv2_DSv1,36,222.27022192397226,277.2541904385662,375.4271775963615
5.0,DRv2_DSv2,36,77.08022841352798,162.10656390871068,287.01979499391354
5.0,FixedSpend,36,165.60343500497393,192.09819693714184,211.1725963796278
5.0,DRv2_DSv1,37,217.1868567407671,274.0320579944462,373.6537968048453
5.0,DRv2_DSv2,37,73.64655211452353,157.47122050908794,285.4900171682309
5.0,FixedSpend,37,157.05727840564538,184.35283138659742,204.0507224013155
5.0,DRv2_DSv1,38,211.48419523707796,271.44027158410574,371.7635945901365
5.0,DRv2_DSv2,38,70.97911222542787,153.68821614583283,286.9279707564578
5.0,FixedSpend,38,150.37954968995027,178.39547636861136,198.50160830505436
5.0,DRv2_DSv1,39,206.56436408707322,267.82024277577773,371.5384214719352
5.0,DRv2_DSv2,39,65.8547347410456,153.83951816717004,289.8539477234105
5.0,FixedSpend,39,144.74589599057376,172.41081998410556,193.38542214155848
5.0,DRv2_DSv1,40,200.971516595192,262.772195188593,370.08695694189544
5.0,DRv2_DSv2,40,62.55996635917805,151.98555882227103,293.38795390417704
5.0,FixedSpend,40,138.13419248410602,167.320893909954,189.73864856539979
5.0,DRv2_DSv1,41,196.75250859699233,258.4709641940175,369.4003679619231
5.0,DRv2_DSv2,41,58.4215007069833,149.95628189925773,287.60319362405005
5.0,FixedSpend,41,133.0933832897715,163.04339328491787,186.28443081584183
5.0,DRv2_DSv1,42,191.6887891288269,255.81857833482334,370.5665100083936
5.0,DRv2_DSv2,42,59.34523249642716,150.96228766496068,289.75556086421665
5.0,FixedSpend,42,129.39447966976195,159.42767452823568,183.10626119046464
5.0,DRv2_DSv1,43,187.64135365207983,250.6402308232878,370.14135825706074
5.0,DRv2_DSv2,43,58.85339724255883,151.43538203432942,294.23951873078823
5.0,FixedSpend,43,122.61783959346934,155.11849292967986,179.90598635479986
5.0,DRv2_DSv1,44,183.58057772932452,247.20259160465116,368.9091369696958
5.0,DRv2_DSv2,44,57.36712850129178,150.41710747666667,298.44184264312184
5.0,FixedSpend,44,117.8838615229995,150.25861421046545,176.41824095896965
5.0,DRv2_DSv1,45,177.40656913328485,241.9505605105375,367.5450153703535
5.0,DRv2_DSv2,45,57.37658989136135,149.9091021033077,304.9328322725025
5.0,FixedSpend,45,112.59744422127436,145.97001583247692,172.21909886685174
5.0,DRv2_DSv1,46,172.95531207117804,237.5496821354513,364.8520982251992
5.0,DRv2_DSv2,46,57.18376083417572,149.36659832310883,306.15062229005946
5.0,FixedSpend,46,104.84116872615023,140.8352034247007,167.61828349348576
5.0,DRv2_DSv1,47,167.7394144925873,233.79816028189157,362.3922030454996
5.0,DRv2_DSv2,47,53.25156224920769,145.977793358984,310.5546947708209
5.0,FixedSpend,47,99.20583559884017,135.21340016017825,163.14561584472037
5.0,DRv2_DSv1,48,164.60436962177872,230.2320655106109,364.04665220934606
5.0,DRv2_DSv2,48,50.719311414901355,150.01494267329304,306.0526155080143
5.0,FixedSpend,48,90.75345931447515,129.49560682026305,157.8486793525151
5.0,DRv2_DSv1,49,158.80664383222637,227.27830651602864,357.04111904465793
5.0,DRv2_DSv2,49,45.38942980351298,145.81691281740598,302.59934272322675
5.0,FixedSpend,49,83.9076483125036,123.21009672681177,152.41075234959817
5.0,DRv2_DSv1,50,154.64403432572732,225.66400729414482,356.8018925375912
5.0,DRv2_DSv2,50,41.40526820808488,143.85802824358677,303.69819857056854
5.0,FixedSpend,50,75.91435279859347,115.98033808862624,146.05782535288094
5.0,DRv2_DSv1,51,149.57053025162898,221.19666494281964,356.3626659052202
5.0,DRv2_DSv2,51,37.0470560178001,145.41049107334064,305.14997702374563
5.0,FixedSpend,51,67.60159001656093,109.13033093867855,139.9667976881983
5.0,DRv2_DSv1,52,145.69247265367295,216.03366007783376,355.3982764224693
5.0,DRv2_DSv2,52,33.90602961079318,144.93189697507006,303.97666642341176
5.0,FixedSpend,52,59.23764508113335,101.91450540664381,132.86198971004757
5.0,DRv2_DSv1,53,140.22188608421618,213.0418432951497,360.724114352182
5.0,DRv2_DSv2,53,32.418380215584364,139.49009009988595,302.3473030939555
5.0,FixedSpend,53,48.673939006417484,94.55243657523415,125.75791016799062
5.0,DRv2_DSv1,54,135.78371870414122,209.8660012587781,354.90399348028154
5.0,DRv2_DSv2,54,28.990748769885474,134.8308470967482,299.6916043924059
5.0,FixedSpend,54,40.3155312644052,86.91650538414791,117.48297841251431
5.0,DRv2_DSv1,55,130.25919125163824,205.66252127549316,355.7835770470512
5.0,DRv2_DSv2,55,28.434740843480473,134.0728785026745,298.09039653818047
5.0,FixedSpend,55,30.75647670692905,79.1668277531586,110.70587700739601
