spend_ratio,orukan_ratio,1,2,3,4,5,6,7,8,9,10,11,12,13,14,15,16,17,18,19,20,21,22,23,24,25,26,27,28,29,30,31,32,33,34,35,36,37,38,39,40,41,42,43,44,45,46,47,48,49,50
0.0666666,1.0,1.0,1.0,1.0,1.0,1.0,1.0,0.999,0.993,0.975,0.943,0.903,0.86,0.804,0.748,0.679,0.61,0.5509999999999999,0.511,0.472,0.42700000000000005,0.39,0.353,0.33799999999999997,0.30700000000000005,0.28500000000000003,0.269,0.253,0.236,0.21999999999999997,0.19799999999999995,0.18799999999999994,0.18400000000000005,0.17500000000000004,0.16600000000000004,0.16200000000000003,0.15700000000000003,0.15300000000000002,0.14600000000000002,0.14500000000000002,0.14200000000000002,0.139,0.137,0.132,0.13,0.127,0.123,0.121,0.118,0.11399999999999999,0.11099999999999999
0.0666666,0.95,1.0,1.0,1.0,1.0,1.0,1.0,0.999,0.995,0.976,0.947,0.908,0.864,0.812,0.75,0.6859999999999999,0.617,0.55,0.513,0.473,0.42700000000000005,0.388,0.352,0.33199999999999996,0.30400000000000005,0.28500000000000003,0.26,0.25,0.23299999999999998,0.21799999999999997,0.19799999999999995,0.18999999999999995,0.18300000000000005,0.17100000000000004,0.16700000000000004,0.15900000000000003,0.15200000000000002,0.15100000000000002,0.14300000000000002,0.14100000000000001,0.139,0.134,0.131,0.13,0.127,0.124,0.119,0.11599999999999999,0.11099999999999999,0.10999999999999999,0.10699999999999998
0.0666666,0.9,1.0,1.0,1.0,1.0,1.0,1.0,0.999,0.996,0.981,0.956,0.921,0.876,0.823,0.763,0.6970000000000001,0.624,0.56,0.516,0.475,0.42600000000000005,0.389,0.35,0.32599999999999996,0.30100000000000005,0.277,0.257,0.243,0.22199999999999998,0.20499999999999996,0.18999999999999995,0.18500000000000005,0.17300000000000004,0.16400000000000003,0.15600000000000003,0.14900000000000002,0.14600000000000002,0.14100000000000001,0.138,0.133,0.132,0.128,0.126,0.122,0.118,0.11199999999999999,0.10999999999999999,0.10699999999999998,0.10199999999999998,0.09999999999999998,0.09799999999999998
0.0666666,0.85,1.0,1.0,1.0,1.0,1.0,1.0,1.0,0.997,0.985,0.964,0.9319999999999999,0.887,0.839,0.777,0.714,0.635,0.5720000000000001,0.52,0.476,0.42000000000000004,0.383,0.347,0.31899999999999995,0.29300000000000004,0.269,0.249,0.22799999999999998,0.21199999999999997,0.19199999999999995,0.18100000000000005,0.17000000000000004,0.16300000000000003,0.15100000000000002,0.14600000000000002,0.14,0.137,0.132,0.131,0.126,0.121,0.118,0.11299999999999999,0.10699999999999998,0.10299999999999998,0.09799999999999998,0.09399999999999997,0.08999999999999997,0.08599999999999997,0.08499999999999996,0.08399999999999996
0.0666666,0.8,1.0,1.0,1.0,1.0,1.0,1.0,1.0,0.998,0.992,0.972,0.9410000000000001,0.899,0.853,0.791,0.727,0.643,0.5800000000000001,0.521,0.473,0.41600000000000004,0.375,0.33899999999999997,0.31200000000000006,0.281,0.256,0.24,0.21199999999999997,0.19299999999999995,0.17700000000000005,0.17000000000000004,0.16000000000000003,0.14900000000000002,0.14100000000000001,0.134,0.133,0.13,0.122,0.11599999999999999,0.11499999999999999,0.10299999999999998,0.09899999999999998,0.09499999999999997,0.09099999999999997,0.08399999999999996,0.08099999999999996,0.07799999999999996,0.07799999999999996,0.07199999999999995,0.06999999999999995,0.06799999999999995
0.0666666,0.75,1.0,1.0,1.0,1.0,1.0,1.0,1.0,0.998,0.995,0.98,0.953,0.912,0.862,0.806,0.743,0.65,0.5820000000000001,0.52,0.47,0.41200000000000003,0.366,0.32799999999999996,0.29600000000000004,0.268,0.243,0.21399999999999997,0.19799999999999995,0.17800000000000005,0.17000000000000004,0.15900000000000003,0.14500000000000002,0.138,0.131,0.131,0.119,0.11499999999999999,0.09999999999999998,0.09699999999999998,0.08999999999999997,0.08599999999999997,0.07999999999999996,0.07599999999999996,0.07399999999999995,0.06999999999999995,0.06899999999999995,0.06599999999999995,0.06299999999999994,0.06299999999999994,0.061000000000000054,0.05900000000000005
0.0666666,0.7,1.0,1.0,1.0,1.0,1.0,1.0,1.0,0.999,0.997,0.986,0.965,0.928,0.879,0.819,0.753,0.6619999999999999,0.583,0.522,0.46699999999999997,0.40700000000000003,0.35,0.31899999999999995,0.281,0.249,0.22299999999999998,0.20199999999999996,0.18200000000000005,0.16700000000000004,0.15600000000000003,0.14200000000000002,0.132,0.125,0.11699999999999999,0.10699999999999998,0.09799999999999998,0.08899999999999997,0.08299999999999996,0.07999999999999996,0.07499999999999996,0.06999999999999995,0.06799999999999995,0.06499999999999995,0.061000000000000054,0.05800000000000005,0.05500000000000005,0.05300000000000005,0.049000000000000044,0.04700000000000004,0.04400000000000004,0.04400000000000004
0.0666666,0.65,1.0,1.0,1.0,1.0,1.0,1.0,1.0,1.0,0.998,0.993,0.972,0.944,0.893,0.838,0.769,0.683,0.589,0.52,0.45899999999999996,0.398,0.33899999999999997,0.29900000000000004,0.265,0.23399999999999999,0.20599999999999996,0.18300000000000005,0.16700000000000004,0.15300000000000002,0.14100000000000001,0.124,0.11099999999999999,0.10399999999999998,0.09499999999999997,0.08399999999999996,0.07999999999999996,0.07699999999999996,0.06799999999999995,0.06499999999999995,0.05900000000000005,0.05600000000000005,0.050000000000000044,0.04800000000000004,0.04600000000000004,0.04300000000000004,0.041000000000000036,0.039000000000000035,0.03600000000000003,0.03500000000000003,0.03400000000000003,0.03300000000000003
0.0666666,0.6,1.0,1.0,1.0,1.0,1.0,1.0,1.0,1.0,0.998,0.997,0.978,0.955,0.908,0.852,0.782,0.6930000000000001,0.594,0.517,0.44299999999999995,0.382,0.32499999999999996,0.28,0.239,0.21399999999999997,0.18500000000000005,0.16600000000000004,0.14900000000000002,0.131,0.11099999999999999,0.10299999999999998,0.09599999999999997,0.08099999999999996,0.07499999999999996,0.06699999999999995,0.06000000000000005,0.05400000000000005,0.052000000000000046,0.04800000000000004,0.04300000000000004,0.039000000000000035,0.03500000000000003,0.031000000000000028,0.031000000000000028,0.029000000000000026,0.028000000000000025,0.027000000000000024,0.025000000000000022,0.02200000000000002,0.02100000000000002,0.02100000000000002
0.0666666,0.55,1.0,1.0,1.0,1.0,1.0,1.0,1.0,1.0,1.0,0.997,0.989,0.965,0.92,0.87,0.7969999999999999,0.7,0.599,0.516,0.43400000000000005,0.362,0.30900000000000005,0.259,0.21999999999999997,0.18999999999999995,0.16100000000000003,0.14400000000000002,0.122,0.10399999999999998,0.09599999999999997,0.07599999999999996,0.07199999999999995,0.06299999999999994,0.052000000000000046,0.04500000000000004,0.04300000000000004,0.038000000000000034,0.03300000000000003,0.029000000000000026,0.027000000000000024,0.02400000000000002,0.02100000000000002,0.020000000000000018,0.019000000000000017,0.018000000000000016,0.017000000000000015,0.015000000000000013,0.015000000000000013,0.015000000000000013,0.015000000000000013,0.013000000000000012
0.0666666,0.5,1.0,1.0,1.0,1.0,1.0,1.0,1.0,1.0,1.0,0.998,0.995,0.975,0.944,0.884,0.808,0.718,0.603,0.51,0.41900000000000004,0.34199999999999997,0.281,0.238,0.19699999999999995,0.15800000000000003,0.137,0.11399999999999999,0.09599999999999997,0.07999999999999996,0.07199999999999995,0.05500000000000005,0.04700000000000004,0.040000000000000036,0.03400000000000003,0.030000000000000027,0.02400000000000002,0.02200000000000002,0.020000000000000018,0.018000000000000016,0.017000000000000015,0.014000000000000012,0.013000000000000012,0.013000000000000012,0.01200000000000001,0.010000000000000009,0.009000000000000008,0.008000000000000007,0.007000000000000006,0.007000000000000006,0.007000000000000006,0.006000000000000005
0.0666666,0.45,1.0,1.0,1.0,1.0,1.0,1.0,1.0,1.0,1.0,1.0,0.997,0.984,0.958,0.906,0.8280000000000001,0.73,0.603,0.5,0.399,0.31899999999999995,0.252,0.21099999999999997,0.16200000000000003,0.132,0.10599999999999998,0.08499999999999996,0.06999999999999995,0.05600000000000005,0.04300000000000004,0.03600000000000003,0.027000000000000024,0.02400000000000002,0.019000000000000017,0.014000000000000012,0.014000000000000012,0.014000000000000012,0.01200000000000001,0.01100000000000001,0.008000000000000007,0.008000000000000007,0.007000000000000006,0.006000000000000005,0.0040000000000000036,0.0040000000000000036,0.0030000000000000027,0.0030000000000000027,0.0030000000000000027,0.0030000000000000027,0.0030000000000000027,0.0030000000000000027
0.0666666,0.4,1.0,1.0,1.0,1.0,1.0,1.0,1.0,1.0,1.0,1.0,0.997,0.994,0.97,0.919,0.855,0.743,0.603,0.495,0.37,0.28600000000000003,0.22499999999999998,0.17200000000000004,0.127,0.09899999999999998,0.07399999999999995,0.05800000000000005,0.040000000000000036,0.031000000000000028,0.02400000000000002,0.017000000000000015,0.013000000000000012,0.013000000000000012,0.01200000000000001,0.010000000000000009,0.007000000000000006,0.0050000000000000044,0.0040000000000000036,0.0040000000000000036,0.0030000000000000027,0.0030000000000000027,0.0030000000000000027,0.0020000000000000018,0.0010000000000000009,0.0010000000000000009,0.0,0.0,0.0,0.0,0.0,0.0
0.0666666,0.35,1.0,1.0,1.0,1.0,1.0,1.0,1.0,1.0,1.0,1.0,1.0,0.997,0.979,0.942,0.873,0.762,0.601,0.46799999999999997,0.34099999999999997,0.254,0.18999999999999995,0.124,0.08999999999999997,0.06499999999999995,0.041000000000000036,0.028000000000000025,0.018000000000000016,0.014000000000000012,0.013000000000000012,0.009000000000000008,0.0050000000000000044,0.0040000000000000036,0.0030000000000000027,0.0030000000000000027,0.0020000000000000018,0.0020000000000000018,0.0010000000000000009,0.0,0.0,0.0,0.0,0.0,0.0,0.0,0.0,0.0,0.0,0.0,0.0,0.0
0.0666666,0.3,1.0,1.0,1.0,1.0,1.0,1.0,1.0,1.0,1.0,1.0,1.0,0.997,0.993,0.961,0.895,0.779,0.598,0.43300000000000005,0.30000000000000004,0.20499999999999996,0.127,0.08199999999999996,0.05600000000000005,0.030000000000000027,0.017000000000000015,0.013000000000000012,0.007000000000000006,0.0040000000000000036,0.0030000000000000027,0.0020000000000000018,0.0020000000000000018,0.0,0.0,0.0,0.0,0.0,0.0,0.0,0.0,0.0,0.0,0.0,0.0,0.0,0.0,0.0,0.0,0.0,0.0,0.0
0.0666666,0.25,1.0,1.0,1.0,1.0,1.0,1.0,1.0,1.0,1.0,1.0,1.0,1.0,0.997,0.978,0.92,0.8009999999999999,0.589,0.392,0.247,0.133,0.07999999999999996,0.03700000000000003,0.020000000000000018,0.009000000000000008,0.0050000000000000044,0.0030000000000000027,0.0010000000000000009,0.0,0.0,0.0,0.0,0.0,0.0,0.0,0.0,0.0,0.0,0.0,0.0,0.0,0.0,0.0,0.0,0.0,0.0,0.0,0.0,0.0,0.0,0.0
0.0666666,0.2,1.0,1.0,1.0,1.0,1.0,1.0,1.0,1.0,1.0,1.0,1.0,1.0,0.999,0.994,0.951,0.825,0.563,0.33199999999999996,0.16800000000000004,0.07699999999999996,0.029000000000000026,0.010000000000000009,0.0040000000000000036,0.0010000000000000009,0.0,0.0,0.0,0.0,0.0,0.0,0.0,0.0,0.0,0.0,0.0,0.0,0.0,0.0,0.0,0.0,0.0,0.0,0.0,0.0,0.0,0.0,0.0,0.0,0.0,0.0
0.0666666,0.15,1.0,1.0,1.0,1.0,1.0,1.0,1.0,1.0,1.0,1.0,1.0,1.0,1.0,0.998,0.977,0.864,0.534,0.243,0.07599999999999996,0.020000000000000018,0.0050000000000000044,0.0,0.0,0.0,0.0,0.0,0.0,0.0,0.0,0.0,0.0,0.0,0.0,0.0,0.0,0.0,0.0,0.0,0.0,0.0,0.0,0.0,0.0,0.0,0.0,0.0,0.0,0.0,0.0,0.0
0.0666666,0.1,1.0,1.0,1.0,1.0,1.0,1.0,1.0,1.0,1.0,1.0,1.0,1.0,1.0,1.0,0.997,0.917,0.479,0.10099999999999998,0.009000000000000008,0.0,0.0,0.0,0.0,0.0,0.0,0.0,0.0,0.0,0.0,0.0,0.0,0.0,0.0,0.0,0.0,0.0,0.0,0.0,0.0,0.0,0.0,0.0,0.0,0.0,0.0,0.0,0.0,0.0,0.0,0.0
0.0666666,0.05,1.0,1.0,1.0,1.0,1.0,1.0,1.0,1.0,1.0,1.0,1.0,1.0,1.0,1.0,1.0,0.985,0.268,0.0010000000000000009,0.0,0.0,0.0,0.0,0.0,0.0,0.0,0.0,0.0,0.0,0.0,0.0,0.0,0.0,0.0,0.0,0.0,0.0,0.0,0.0,0.0,0.0,0.0,0.0,0.0,0.0,0.0,0.0,0.0,0.0,0.0,0.0
0.0666666,0.0,1.0,1.0,1.0,1.0,1.0,1.0,1.0,1.0,1.0,1.0,1.0,1.0,1.0,1.0,1.0,1.0,0.0,0.0,0.0,0.0,0.0,0.0,0.0,0.0,0.0,0.0,0.0,0.0,0.0,0.0,0.0,0.0,0.0,0.0,0.0,0.0,0.0,0.0,0.0,0.0,0.0,0.0,0.0,0.0,0.0,0.0,0.0,0.0,0.0,0.0
0.05,1.0,1.0,1.0,1.0,1.0,1.0,1.0,1.0,0.999,0.997,0.994,0.982,0.964,0.944,0.912,0.892,0.861,0.8220000000000001,0.783,0.748,0.7030000000000001,0.663,0.631,0.591,0.563,0.5369999999999999,0.514,0.491,0.46499999999999997,0.44899999999999995,0.41600000000000004,0.399,0.387,0.371,0.363,0.35,0.33699999999999997,0.32599999999999996,0.31000000000000005,0.30100000000000005,0.29500000000000004,0.28200000000000003,0.277,0.268,0.261,0.256,0.254,0.248,0.242,0.237,0.23199999999999998
0.05,0.95,1.0,1.0,1.0,1.0,1.0,1.0,1.0,0.999,0.998,0.994,0.983,0.965,0.951,0.917,0.896,0.868,0.832,0.79,0.752,0.7090000000000001,0.671,0.635,0.597,0.565,0.5389999999999999,0.516,0.491,0.46299999999999997,0.44699999999999995,0.42300000000000004,0.401,0.384,0.369,0.361,0.351,0.33699999999999997,0.32099999999999995,0.31000000000000005,0.29800000000000004,0.29100000000000004,0.281,0.274,0.269,0.261,0.258,0.254,0.249,0.243,0.23399999999999999,0.23099999999999998
0.05,0.9,1.0,1.0,1.0,1.0,1.0,1.0,1.0,1.0,0.998,0.996,0.985,0.971,0.957,0.928,0.903,0.877,0.848,0.802,0.769,0.726,0.687,0.647,0.603,0.5760000000000001,0.5449999999999999,0.524,0.494,0.46799999999999997,0.45199999999999996,0.42400000000000004,0.399,0.387,0.37,0.356,0.347,0.32999999999999996,0.31399999999999995,0.30500000000000005,0.29200000000000004,0.28200000000000003,0.274,0.268,0.261,0.258,0.253,0.247,0.24,0.23299999999999998,0.22699999999999998,0.22099999999999997
0.05,0.85,1.0,1.0,1.0,1.0,1.0,1.0,1.0,1.0,0.998,0.997,0.992,0.979,0.962,0.943,0.918,0.892,0.86,0.8220000000000001,0.788,0.742,0.698,0.6619999999999999,0.613,0.5800000000000001,0.5529999999999999,0.527,0.496,0.46799999999999997,0.45099999999999996,0.41700000000000004,0.396,0.381,0.367,0.352,0.33999999999999997,0.31999999999999995,0.30600000000000005,0.29300000000000004,0.28500000000000003,0.275,0.269,0.261,0.258,0.246,0.239,0.23399999999999999,0.22399999999999998,0.21899999999999997,0.21399999999999997,0.20999999999999996
0.05,0.8,1.0,1.0,1.0,1.0,1.0,1.0,1.0,1.0,0.999,0.997,0.994,0.984,0.969,0.956,0.927,0.902,0.872,0.841,0.798,0.757,0.7070000000000001,0.6699999999999999,0.624,0.5860000000000001,0.556,0.527,0.497,0.46599999999999997,0.44499999999999995,0.41300000000000003,0.391,0.373,0.357,0.34299999999999997,0.32099999999999995,0.31000000000000005,0.29700000000000004,0.28500000000000003,0.273,0.268,0.258,0.248,0.244,0.23399999999999999,0.21999999999999997,0.21499999999999997,0.21299999999999997,0.20999999999999996,0.20399999999999996,0.19999999999999996
0.05,0.75,1.0,1.0,1.0,1.0,1.0,1.0,1.0,1.0,1.0,0.998,0.997,0.99,0.978,0.962,0.938,0.916,0.883,0.857,0.813,0.775,0.718,0.681,0.632,0.593,0.5609999999999999,0.528,0.497,0.45999999999999996,0.43700000000000006,0.406,0.384,0.365,0.348,0.32699999999999996,0.31000000000000005,0.29900000000000004,0.28600000000000003,0.273,0.265,0.252,0.245,0.236,0.22099999999999997,0.21399999999999997,0.20999999999999996,0.20499999999999996,0.19699999999999995,0.18999999999999995,0.18799999999999994,0.18400000000000005
0.05,0.7,1.0,1.0,1.0,1.0,1.0,1.0,1.0,1.0,1.0,0.998,0.997,0.995,0.983,0.969,0.952,0.926,0.902,0.867,0.829,0.785,0.732,0.692,0.639,0.598,0.5640000000000001,0.528,0.494,0.45499999999999996,0.42700000000000005,0.395,0.374,0.356,0.33399999999999996,0.31200000000000006,0.30300000000000005,0.28700000000000003,0.271,0.261,0.249,0.23399999999999999,0.22199999999999998,0.20799999999999996,0.20499999999999996,0.19599999999999995,0.18999999999999995,0.18600000000000005,0.17800000000000005,0.17600000000000005,0.16800000000000004,0.16300000000000003
0.05,0.65,1.0,1.0,1.0,1.0,1.0,1.0,1.0,1.0,1.0,1.0,0.997,0.997,0.99,0.976,0.961,0.938,0.917,0.88,0.846,0.8049999999999999,0.751,0.6970000000000001,0.649,0.603,0.5660000000000001,0.528,0.486,0.45099999999999996,0.41400000000000003,0.385,0.364,0.33599999999999997,0.31200000000000006,0.30000000000000004,0.28600000000000003,0.27,0.253,0.238,0.22199999999999998,0.21099999999999997,0.19999999999999996,0.18999999999999995,0.18300000000000005,0.17300000000000004,0.17000000000000004,0.16900000000000004,0.16300000000000003,0.15400000000000003,0.14900000000000002,0.14600000000000002
0.05,0.6,1.0,1.0,1.0,1.0,1.0,1.0,1.0,1.0,1.0,1.0,0.999,0.997,0.995,0.984,0.97,0.95,0.925,0.895,0.862,0.8200000000000001,0.771,0.71,0.654,0.605,0.5660000000000001,0.524,0.473,0.43999999999999995,0.398,0.374,0.34299999999999997,0.31399999999999995,0.30000000000000004,0.28600000000000003,0.265,0.244,0.22499999999999998,0.21099999999999997,0.19899999999999995,0.18200000000000005,0.17400000000000004,0.16800000000000004,0.16600000000000004,0.16100000000000003,0.15400000000000003,0.14900000000000002,0.14300000000000002,0.138,0.133,0.127
0.05,0.55,1.0,1.0,1.0,1.0,1.0,1.0,1.0,1.0,1.0,1.0,1.0,0.997,0.997,0.992,0.978,0.959,0.9359999999999999,0.91,0.875,0.831,0.786,0.719,0.663,0.608,0.565,0.519,0.46599999999999997,0.42400000000000004,0.386,0.356,0.31799999999999995,0.30200000000000005,0.28200000000000003,0.254,0.23199999999999998,0.21699999999999997,0.19899999999999995,0.18000000000000005,0.17000000000000004,0.16600000000000004,0.16100000000000003,0.15300000000000002,0.14700000000000002,0.139,0.134,0.127,0.11499999999999999,0.11099999999999999,0.10799999999999998,0.10499999999999998
0.05,0.5,1.0,1.0,1.0,1.0,1.0,1.0,1.0,1.0,1.0,1.0,1.0,0.999,0.997,0.996,0.987,0.97,0.953,0.923,0.89,0.849,0.798,0.729,0.6719999999999999,0.608,0.5609999999999999,0.507,0.44999999999999996,0.402,0.366,0.32599999999999996,0.30100000000000005,0.28,0.246,0.22399999999999998,0.19999999999999996,0.18100000000000005,0.17100000000000004,0.16300000000000003,0.15600000000000003,0.14600000000000002,0.134,0.131,0.118,0.11399999999999999,0.10099999999999998,0.09399999999999997,0.08899999999999997,0.08299999999999996,0.07599999999999996,0.07399999999999995
0.05,0.45,1.0,1.0,1.0,1.0,1.0,1.0,1.0,1.0,1.0,1.0,1.0,1.0,0.999,0.997,0.993,0.981,0.962,0.9390000000000001,0.909,0.869,0.817,0.744,0.6799999999999999,0.61,0.554,0.493,0.43000000000000005,0.386,0.33799999999999997,0.30500000000000005,0.275,0.237,0.20899999999999996,0.18700000000000006,0.17100000000000004,0.15900000000000003,0.14800000000000002,0.135,0.127,0.11299999999999999,0.10499999999999998,0.09099999999999997,0.08699999999999997,0.07799999999999996,0.06899999999999995,0.06699999999999995,0.06299999999999994,0.05900000000000005,0.05400000000000005,0.04600000000000004
0.05,0.4,1.0,1.0,1.0,1.0,1.0,1.0,1.0,1.0,1.0,1.0,1.0,1.0,1.0,0.998,0.997,0.99,0.976,0.954,0.923,0.882,0.83,0.769,0.69,0.607,0.5469999999999999,0.47,0.402,0.347,0.30600000000000005,0.274,0.22899999999999998,0.19899999999999995,0.17700000000000005,0.15500000000000003,0.14100000000000001,0.129,0.11199999999999999,0.09799999999999998,0.08799999999999997,0.07599999999999996,0.06899999999999995,0.062000000000000055,0.052000000000000046,0.04700000000000004,0.04400000000000004,0.04300000000000004,0.03700000000000003,0.03300000000000003,0.03200000000000003,0.029000000000000026
0.05,0.35,1.0,1.0,1.0,1.0,1.0,1.0,1.0,1.0,1.0,1.0,1.0,1.0,1.0,0.999,0.998,0.996,0.986,0.968,0.943,0.908,0.851,0.781,0.6910000000000001,0.603,0.532,0.44199999999999995,0.376,0.31399999999999995,0.27,0.21699999999999997,0.18799999999999994,0.16000000000000003,0.138,0.125,0.10299999999999998,0.08399999999999996,0.07299999999999995,0.06299999999999994,0.05300000000000005,0.04500000000000004,0.03700000000000003,0.03300000000000003,0.028000000000000025,0.026000000000000023,0.02200000000000002,0.018000000000000016,0.017000000000000015,0.015000000000000013,0.015000000000000013,0.010000000000000009
0.05,0.3,1.0,1.0,1.0,1.0,1.0,1.0,1.0,1.0,1.0,1.0,1.0,1.0,1.0,1.0,0.999,0.998,0.994,0.983,0.959,0.923,0.874,0.8029999999999999,0.6990000000000001,0.596,0.499,0.398,0.32699999999999996,0.269,0.21199999999999997,0.17200000000000004,0.14100000000000001,0.119,0.09099999999999997,0.07299999999999995,0.05900000000000005,0.04200000000000004,0.03700000000000003,0.027000000000000024,0.02200000000000002,0.019000000000000017,0.017000000000000015,0.013000000000000012,0.01100000000000001,0.008000000000000007,0.007000000000000006,0.007000000000000006,0.0040000000000000036,0.0040000000000000036,0.0030000000000000027,0.0030000000000000027
0.05,0.25,1.0,1.0,1.0,1.0,1.0,1.0,1.0,1.0,1.0,1.0,1.0,1.0,1.0,1.0,1.0,0.999,0.998,0.993,0.978,0.946,0.9,0.819,0.7050000000000001,0.5820000000000001,0.46099999999999997,0.346,0.268,0.20299999999999996,0.15100000000000002,0.11699999999999999,0.08599999999999997,0.061000000000000054,0.041000000000000036,0.03300000000000003,0.02100000000000002,0.017000000000000015,0.01200000000000001,0.010000000000000009,0.007000000000000006,0.0050000000000000044,0.0030000000000000027,0.0030000000000000027,0.0020000000000000018,0.0010000000000000009,0.0,0.0,0.0,0.0,0.0,0.0
0.05,0.2,1.0,1.0,1.0,1.0,1.0,1.0,1.0,1.0,1.0,1.0,1.0,1.0,1.0,1.0,1.0,1.0,1.0,0.998,0.992,0.969,0.919,0.843,0.712,0.558,0.397,0.278,0.19199999999999995,0.134,0.08499999999999996,0.05300000000000005,0.031000000000000028,0.018000000000000016,0.01200000000000001,0.008000000000000007,0.0040000000000000036,0.0030000000000000027,0.0020000000000000018,0.0,0.0,0.0,0.0,0.0,0.0,0.0,0.0,0.0,0.0,0.0,0.0,0.0
0.05,0.15,1.0,1.0,1.0,1.0,1.0,1.0,1.0,1.0,1.0,1.0,1.0,1.0,1.0,1.0,1.0,1.0,1.0,1.0,0.998,0.987,0.953,0.879,0.716,0.508,0.30800000000000005,0.18200000000000005,0.09899999999999998,0.04500000000000004,0.02100000000000002,0.01100000000000001,0.0030000000000000027,0.0020000000000000018,0.0,0.0,0.0,0.0,0.0,0.0,0.0,0.0,0.0,0.0,0.0,0.0,0.0,0.0,0.0,0.0,0.0,0.0
0.05,0.1,1.0,1.0,1.0,1.0,1.0,1.0,1.0,1.0,1.0,1.0,1.0,1.0,1.0,1.0,1.0,1.0,1.0,1.0,1.0,0.999,0.985,0.921,0.7170000000000001,0.385,0.16600000000000004,0.05400000000000005,0.013000000000000012,0.0030000000000000027,0.0,0.0,0.0,0.0,0.0,0.0,0.0,0.0,0.0,0.0,0.0,0.0,0.0,0.0,0.0,0.0,0.0,0.0,0.0,0.0,0.0,0.0
0.05,0.05,1.0,1.0,1.0,1.0,1.0,1.0,1.0,1.0,1.0,1.0,1.0,1.0,1.0,1.0,1.0,1.0,1.0,1.0,1.0,1.0,1.0,0.982,0.704,0.14100000000000001,0.006000000000000005,0.0,0.0,0.0,0.0,0.0,0.0,0.0,0.0,0.0,0.0,0.0,0.0,0.0,0.0,0.0,0.0,0.0,0.0,0.0,0.0,0.0,0.0,0.0,0.0,0.0
0.05,0.0,1.0,1.0,1.0,1.0,1.0,1.0,1.0,1.0,1.0,1.0,1.0,1.0,1.0,1.0,1.0,1.0,1.0,1.0,1.0,1.0,1.0,1.0,0.0,0.0,0.0,0.0,0.0,0.0,0.0,0.0,0.0,0.0,0.0,0.0,0.0,0.0,0.0,0.0,0.0,0.0,0.0,0.0,0.0,0.0,0.0,0.0,0.0,0.0,0.0,0.0
0.04,1.0,1.0,1.0,1.0,1.0,1.0,1.0,1.0,1.0,0.999,0.997,0.997,0.99,0.98,0.97,0.955,0.94,0.922,0.9,0.884,0.857,0.836,0.8089999999999999,0.777,0.745,0.726,0.6970000000000001,0.671,0.647,0.622,0.6,0.591,0.5720000000000001,0.55,0.532,0.523,0.507,0.495,0.484,0.476,0.45999999999999996,0.44899999999999995,0.43999999999999995,0.43500000000000005,0.42500000000000004,0.41400000000000003,0.403,0.394,0.388,0.383,0.375
0.04,0.95,1.0,1.0,1.0,1.0,1.0,1.0,1.0,1.0,1.0,0.998,0.997,0.993,0.982,0.974,0.956,0.946,0.925,0.909,0.893,0.866,0.846,0.815,0.788,0.755,0.732,0.708,0.6799999999999999,0.653,0.63,0.608,0.595,0.5780000000000001,0.56,0.5429999999999999,0.53,0.511,0.498,0.485,0.476,0.46399999999999997,0.44999999999999996,0.44099999999999995,0.43600000000000005,0.42300000000000004,0.41700000000000004,0.404,0.399,0.392,0.383,0.376
0.04,0.9,1.0,1.0,1.0,1.0,1.0,1.0,1.0,1.0,1.0,0.998,0.997,0.996,0.987,0.976,0.967,0.953,0.937,0.92,0.898,0.881,0.857,0.835,0.806,0.773,0.746,0.719,0.688,0.6659999999999999,0.642,0.614,0.602,0.5860000000000001,0.565,0.55,0.536,0.518,0.504,0.491,0.481,0.46799999999999997,0.45299999999999996,0.44399999999999995,0.43799999999999994,0.42700000000000005,0.41800000000000004,0.405,0.398,0.388,0.383,0.376
0.04,0.85,1.0,1.0,1.0,1.0,1.0,1.0,1.0,1.0,1.0,0.999,0.997,0.997,0.992,0.983,0.972,0.959,0.947,0.928,0.911,0.894,0.874,0.848,0.8240000000000001,0.79,0.76,0.737,0.704,0.679,0.649,0.623,0.607,0.591,0.5700000000000001,0.5569999999999999,0.5389999999999999,0.523,0.506,0.493,0.483,0.46799999999999997,0.45399999999999996,0.44299999999999995,0.43700000000000006,0.42800000000000005,0.41100000000000003,0.402,0.393,0.385,0.377,0.371
0.04,0.8,1.0,1.0,1.0,1.0,1.0,1.0,1.0,1.0,1.0,1.0,0.998,0.997,0.996,0.99,0.977,0.968,0.954,0.94,0.922,0.907,0.887,0.864,0.838,0.8069999999999999,0.775,0.748,0.726,0.69,0.6659999999999999,0.634,0.609,0.599,0.579,0.56,0.542,0.529,0.506,0.493,0.481,0.46599999999999997,0.45299999999999996,0.44199999999999995,0.43500000000000005,0.41900000000000004,0.405,0.395,0.387,0.379,0.37,0.362
0.04,0.75,1.0,1.0,1.0,1.0,1.0,1.0,1.0,1.0,1.0,1.0,1.0,0.997,0.997,0.994,0.985,0.975,0.961,0.952,0.933,0.913,0.899,0.877,0.849,0.8220000000000001,0.791,0.759,0.735,0.7010000000000001,0.675,0.643,0.614,0.606,0.583,0.562,0.5409999999999999,0.528,0.507,0.491,0.477,0.46299999999999997,0.44899999999999995,0.43799999999999994,0.42900000000000005,0.41000000000000003,0.4,0.386,0.376,0.367,0.358,0.353
0.04,0.7,1.0,1.0,1.0,1.0,1.0,1.0,1.0,1.0,1.0,1.0,1.0,0.999,0.997,0.996,0.991,0.982,0.969,0.958,0.945,0.924,0.909,0.893,0.868,0.84,0.812,0.773,0.747,0.7150000000000001,0.6839999999999999,0.661,0.626,0.607,0.585,0.5640000000000001,0.5409999999999999,0.526,0.502,0.486,0.472,0.45799999999999996,0.44399999999999995,0.43400000000000005,0.41400000000000003,0.4,0.384,0.373,0.367,0.357,0.348,0.33599999999999997
0.04,0.65,1.0,1.0,1.0,1.0,1.0,1.0,1.0,1.0,1.0,1.0,1.0,1.0,0.997,0.997,0.995,0.988,0.979,0.964,0.957,0.938,0.919,0.904,0.884,0.856,0.8260000000000001,0.791,0.76,0.731,0.6950000000000001,0.6659999999999999,0.632,0.609,0.5860000000000001,0.562,0.542,0.524,0.495,0.481,0.46799999999999997,0.44699999999999995,0.43899999999999995,0.41700000000000004,0.401,0.378,0.37,0.363,0.35,0.33999999999999997,0.32399999999999995,0.31599999999999995
0.04,0.6,1.0,1.0,1.0,1.0,1.0,1.0,1.0,1.0,1.0,1.0,1.0,1.0,0.999,0.997,0.997,0.993,0.986,0.977,0.962,0.952,0.9319999999999999,0.909,0.898,0.873,0.845,0.8109999999999999,0.771,0.743,0.7070000000000001,0.6739999999999999,0.639,0.611,0.5860000000000001,0.56,0.54,0.515,0.489,0.473,0.45099999999999996,0.43999999999999995,0.42000000000000004,0.397,0.378,0.366,0.359,0.33899999999999997,0.32699999999999996,0.31100000000000005,0.30200000000000005,0.29600000000000004
0.04,0.55,1.0,1.0,1.0,1.0,1.0,1.0,1.0,1.0,1.0,1.0,1.0,1.0,1.0,0.998,0.997,0.997,0.991,0.984,0.973,0.959,0.946,0.927,0.907,0.886,0.855,0.829,0.79,0.758,0.716,0.679,0.642,0.612,0.587,0.56,0.531,0.507,0.482,0.46399999999999997,0.44099999999999995,0.42100000000000004,0.396,0.372,0.361,0.346,0.32999999999999996,0.31399999999999995,0.30000000000000004,0.28600000000000003,0.271,0.266
0.04,0.5,1.0,1.0,1.0,1.0,1.0,1.0,1.0,1.0,1.0,1.0,1.0,1.0,1.0,1.0,0.998,0.998,0.996,0.989,0.982,0.97,0.958,0.938,0.921,0.902,0.876,0.844,0.804,0.764,0.729,0.69,0.644,0.614,0.587,0.552,0.523,0.495,0.472,0.44099999999999995,0.41900000000000004,0.393,0.367,0.354,0.33699999999999997,0.31399999999999995,0.29700000000000004,0.28200000000000003,0.268,0.261,0.251,0.237
0.04,0.45,1.0,1.0,1.0,1.0,1.0,1.0,1.0,1.0,1.0,1.0,1.0,1.0,1.0,1.0,0.999,0.998,0.998,0.995,0.987,0.981,0.969,0.955,0.9299999999999999,0.914,0.891,0.856,0.8260000000000001,0.779,0.742,0.6990000000000001,0.649,0.614,0.5820000000000001,0.5449999999999999,0.509,0.484,0.45199999999999996,0.41900000000000004,0.39,0.361,0.345,0.31599999999999995,0.29700000000000004,0.278,0.264,0.253,0.236,0.21999999999999997,0.20999999999999996,0.20199999999999996
0.04,0.4,1.0,1.0,1.0,1.0,1.0,1.0,1.0,1.0,1.0,1.0,1.0,1.0,1.0,1.0,1.0,0.999,0.998,0.998,0.995,0.987,0.98,0.968,0.951,0.929,0.908,0.879,0.843,0.7969999999999999,0.753,0.706,0.649,0.61,0.573,0.529,0.493,0.45399999999999996,0.42100000000000004,0.386,0.355,0.32999999999999996,0.29700000000000004,0.279,0.256,0.243,0.22099999999999997,0.20699999999999996,0.19899999999999995,0.18500000000000005,0.17700000000000005,0.16600000000000004
0.04,0.35,1.0,1.0,1.0,1.0,1.0,1.0,1.0,1.0,1.0,1.0,1.0,1.0,1.0,1.0,1.0,1.0,1.0,0.999,0.998,0.995,0.987,0.98,0.968,0.943,0.923,0.898,0.856,0.817,0.765,0.7110000000000001,0.647,0.6,0.558,0.508,0.46799999999999997,0.42200000000000004,0.381,0.344,0.30900000000000005,0.281,0.257,0.22999999999999998,0.20799999999999996,0.19499999999999995,0.17900000000000005,0.16700000000000004,0.15300000000000002,0.14500000000000002,0.134,0.122
0.04,0.3,1.0,1.0,1.0,1.0,1.0,1.0,1.0,1.0,1.0,1.0,1.0,1.0,1.0,1.0,1.0,1.0,1.0,1.0,0.999,0.998,0.996,0.986,0.979,0.965,0.938,0.915,0.884,0.839,0.781,0.719,0.644,0.593,0.531,0.48,0.42500000000000004,0.375,0.32499999999999996,0.28900000000000003,0.259,0.22299999999999998,0.19899999999999995,0.17600000000000005,0.16400000000000003,0.14800000000000002,0.133,0.11699999999999999,0.10399999999999998,0.09499999999999997,0.07899999999999996,0.07199999999999995
0.04,0.25,1.0,1.0,1.0,1.0,1.0,1.0,1.0,1.0,1.0,1.0,1.0,1.0,1.0,1.0,1.0,1.0,1.0,1.0,1.0,1.0,0.999,0.997,0.987,0.98,0.963,0.9339999999999999,0.904,0.857,0.793,0.725,0.636,0.575,0.502,0.43500000000000005,0.365,0.30500000000000005,0.26,0.22099999999999997,0.18100000000000005,0.16300000000000003,0.14200000000000002,0.119,0.09799999999999998,0.08399999999999996,0.07199999999999995,0.05800000000000005,0.04800000000000004,0.04400000000000004,0.038000000000000034,0.03400000000000003
0.04,0.2,1.0,1.0,1.0,1.0,1.0,1.0,1.0,1.0,1.0,1.0,1.0,1.0,1.0,1.0,1.0,1.0,1.0,1.0,1.0,1.0,1.0,1.0,0.998,0.991,0.981,0.962,0.924,0.887,0.8160000000000001,0.729,0.623,0.53,0.44499999999999995,0.351,0.28500000000000003,0.22599999999999998,0.17700000000000005,0.14400000000000002,0.11299999999999999,0.08999999999999997,0.06699999999999995,0.051000000000000045,0.041000000000000036,0.029000000000000026,0.02300000000000002,0.020000000000000018,0.014000000000000012,0.01100000000000001,0.007000000000000006,0.0050000000000000044
0.04,0.15,1.0,1.0,1.0,1.0,1.0,1.0,1.0,1.0,1.0,1.0,1.0,1.0,1.0,1.0,1.0,1.0,1.0,1.0,1.0,1.0,1.0,1.0,1.0,0.999,0.994,0.985,0.957,0.915,0.841,0.73,0.595,0.46699999999999997,0.33499999999999996,0.244,0.17300000000000004,0.128,0.08799999999999997,0.052000000000000046,0.03400000000000003,0.02100000000000002,0.014000000000000012,0.007000000000000006,0.0050000000000000044,0.0030000000000000027,0.0010000000000000009,0.0,0.0,0.0,0.0,0.0
0.04,0.1,1.0,1.0,1.0,1.0,1.0,1.0,1.0,1.0,1.0,1.0,1.0,1.0,1.0,1.0,1.0,1.0,1.0,1.0,1.0,1.0,1.0,1.0,1.0,1.0,1.0,0.998,0.986,0.953,0.884,0.726,0.519,0.32299999999999995,0.18100000000000005,0.09799999999999998,0.04300000000000004,0.018000000000000016,0.008000000000000007,0.0030000000000000027,0.0,0.0,0.0,0.0,0.0,0.0,0.0,0.0,0.0,0.0,0.0,0.0
0.04,0.05,1.0,1.0,1.0,1.0,1.0,1.0,1.0,1.0,1.0,1.0,1.0,1.0,1.0,1.0,1.0,1.0,1.0,1.0,1.0,1.0,1.0,1.0,1.0,1.0,1.0,1.0,1.0,0.994,0.943,0.6890000000000001,0.28200000000000003,0.06599999999999995,0.009000000000000008,0.0,0.0,0.0,0.0,0.0,0.0,0.0,0.0,0.0,0.0,0.0,0.0,0.0,0.0,0.0,0.0,0.0
0.04,0.0,1.0,1.0,1.0,1.0,1.0,1.0,1.0,1.0,1.0,1.0,1.0,1.0,1.0,1.0,1.0,1.0,1.0,1.0,1.0,1.0,1.0,1.0,1.0,1.0,1.0,1.0,1.0,1.0,1.0,0.0,0.0,0.0,0.0,0.0,0.0,0.0,0.0,0.0,0.0,0.0,0.0,0.0,0.0,0.0,0.0,0.0,0.0,0.0,0.0,0.0
0.035714,1.0,1.0,1.0,1.0,1.0,1.0,1.0,1.0,1.0,1.0,0.998,0.997,0.997,0.991,0.982,0.973,0.961,0.951,0.933,0.919,0.906,0.889,0.871,0.843,0.829,0.8009999999999999,0.773,0.758,0.739,0.718,0.6890000000000001,0.673,0.654,0.633,0.62,0.602,0.5840000000000001,0.5760000000000001,0.563,0.55,0.542,0.532,0.524,0.517,0.509,0.501,0.489,0.483,0.473,0.46599999999999997,0.45999999999999996
0.035714,0.95,1.0,1.0,1.0,1.0,1.0,1.0,1.0,1.0,1.0,0.998,0.997,0.997,0.992,0.983,0.975,0.965,0.954,0.9410000000000001,0.924,0.911,0.897,0.879,0.855,0.838,0.8109999999999999,0.785,0.767,0.746,0.724,0.704,0.6799999999999999,0.663,0.641,0.627,0.612,0.595,0.5780000000000001,0.571,0.5609999999999999,0.548,0.536,0.529,0.521,0.513,0.504,0.493,0.486,0.48,0.472,0.46599999999999997
0.035714,0.9,1.0,1.0,1.0,1.0,1.0,1.0,1.0,1.0,1.0,1.0,0.997,0.997,0.996,0.99,0.979,0.971,0.96,0.951,0.935,0.917,0.905,0.894,0.87,0.851,0.83,0.8029999999999999,0.777,0.76,0.741,0.7170000000000001,0.6970000000000001,0.677,0.6579999999999999,0.638,0.622,0.604,0.5900000000000001,0.575,0.565,0.5549999999999999,0.542,0.536,0.526,0.518,0.507,0.498,0.488,0.481,0.476,0.46799999999999997
0.035714,0.85,1.0,1.0,1.0,1.0,1.0,1.0,1.0,1.0,1.0,1.0,0.999,0.997,0.996,0.994,0.986,0.976,0.964,0.958,0.945,0.927,0.914,0.902,0.891,0.862,0.847,0.823,0.795,0.77,0.754,0.727,0.7130000000000001,0.692,0.667,0.648,0.633,0.616,0.6,0.5840000000000001,0.567,0.5589999999999999,0.548,0.5389999999999999,0.528,0.522,0.51,0.5,0.487,0.481,0.476,0.46699999999999997
0.035714,0.8,1.0,1.0,1.0,1.0,1.0,1.0,1.0,1.0,1.0,1.0,1.0,0.997,0.997,0.996,0.991,0.984,0.976,0.962,0.956,0.9410000000000001,0.922,0.909,0.899,0.884,0.858,0.841,0.819,0.789,0.765,0.747,0.722,0.704,0.679,0.661,0.641,0.625,0.609,0.5920000000000001,0.573,0.5609999999999999,0.5509999999999999,0.54,0.53,0.523,0.512,0.5,0.487,0.48,0.475,0.46699999999999997
0.035714,0.75,1.0,1.0,1.0,1.0,1.0,1.0,1.0,1.0,1.0,1.0,1.0,0.999,0.997,0.997,0.995,0.99,0.981,0.97,0.96,0.953,0.938,0.919,0.905,0.897,0.871,0.851,0.833,0.8089999999999999,0.78,0.758,0.738,0.714,0.6930000000000001,0.6699999999999999,0.651,0.632,0.611,0.595,0.577,0.562,0.5509999999999999,0.542,0.53,0.522,0.508,0.497,0.485,0.479,0.472,0.46299999999999997
0.035714,0.7,1.0,1.0,1.0,1.0,1.0,1.0,1.0,1.0,1.0,1.0,1.0,1.0,0.998,0.997,0.997,0.993,0.986,0.982,0.97,0.958,0.949,0.9319999999999999,0.915,0.905,0.89,0.864,0.849,0.827,0.8009999999999999,0.77,0.752,0.728,0.708,0.679,0.6599999999999999,0.639,0.617,0.602,0.5820000000000001,0.5640000000000001,0.5509999999999999,0.5409999999999999,0.53,0.519,0.505,0.492,0.484,0.478,0.46299999999999997,0.45399999999999996
0.035714,0.65,1.0,1.0,1.0,1.0,1.0,1.0,1.0,1.0,1.0,1.0,1.0,1.0,1.0,0.998,0.997,0.996,0.992,0.986,0.979,0.968,0.958,0.945,0.929,0.913,0.901,0.881,0.858,0.841,0.813,0.789,0.763,0.745,0.7170000000000001,0.6910000000000001,0.667,0.642,0.622,0.603,0.583,0.565,0.5489999999999999,0.5389999999999999,0.526,0.514,0.5,0.488,0.477,0.46699999999999997,0.45499999999999996,0.43899999999999995
0.035714,0.6,1.0,1.0,1.0,1.0,1.0,1.0,1.0,1.0,1.0,1.0,1.0,1.0,1.0,0.999,0.998,0.997,0.996,0.991,0.983,0.978,0.967,0.959,0.94,0.929,0.913,0.901,0.874,0.852,0.83,0.8029999999999999,0.775,0.755,0.731,0.7,0.6719999999999999,0.648,0.628,0.604,0.585,0.5640000000000001,0.548,0.5349999999999999,0.52,0.509,0.491,0.482,0.469,0.45199999999999996,0.43899999999999995,0.42700000000000005
0.035714,0.55,1.0,1.0,1.0,1.0,1.0,1.0,1.0,1.0,1.0,1.0,1.0,1.0,1.0,1.0,0.999,0.998,0.998,0.995,0.991,0.983,0.977,0.967,0.957,0.9359999999999999,0.924,0.91,0.894,0.868,0.846,0.8180000000000001,0.793,0.763,0.742,0.7150000000000001,0.681,0.653,0.631,0.604,0.5840000000000001,0.5609999999999999,0.546,0.529,0.512,0.497,0.483,0.47,0.44499999999999995,0.43799999999999994,0.42200000000000004,0.41100000000000003
0.035714,0.5,1.0,1.0,1.0,1.0,1.0,1.0,1.0,1.0,1.0,1.0,1.0,1.0,1.0,1.0,1.0,0.999,0.998,0.998,0.995,0.988,0.983,0.976,0.966,0.955,0.9359999999999999,0.922,0.907,0.885,0.862,0.836,0.806,0.78,0.753,0.724,0.6910000000000001,0.655,0.633,0.601,0.5800000000000001,0.5509999999999999,0.5349999999999999,0.519,0.503,0.483,0.46499999999999997,0.44599999999999995,0.43400000000000005,0.40900000000000003,0.394,0.386
0.035714,0.45,1.0,1.0,1.0,1.0,1.0,1.0,1.0,1.0,1.0,1.0,1.0,1.0,1.0,1.0,1.0,1.0,0.999,0.998,0.998,0.995,0.987,0.983,0.976,0.966,0.952,0.935,0.919,0.904,0.881,0.855,0.8200000000000001,0.79,0.764,0.735,0.6950000000000001,0.659,0.633,0.595,0.5720000000000001,0.5469999999999999,0.521,0.507,0.486,0.46099999999999997,0.44599999999999995,0.41800000000000004,0.396,0.385,0.363,0.345
0.035714,0.4,1.0,1.0,1.0,1.0,1.0,1.0,1.0,1.0,1.0,1.0,1.0,1.0,1.0,1.0,1.0,1.0,1.0,0.999,0.999,0.998,0.996,0.988,0.985,0.978,0.965,0.951,0.935,0.917,0.9,0.869,0.841,0.8049999999999999,0.775,0.743,0.7050000000000001,0.663,0.624,0.591,0.5589999999999999,0.529,0.513,0.486,0.45899999999999996,0.43500000000000005,0.403,0.382,0.361,0.33699999999999997,0.31599999999999995,0.29700000000000004
0.035714,0.35,1.0,1.0,1.0,1.0,1.0,1.0,1.0,1.0,1.0,1.0,1.0,1.0,1.0,1.0,1.0,1.0,1.0,1.0,1.0,0.999,0.998,0.997,0.99,0.985,0.979,0.966,0.95,0.9339999999999999,0.916,0.893,0.861,0.819,0.786,0.753,0.7110000000000001,0.6599999999999999,0.615,0.5840000000000001,0.54,0.518,0.485,0.45599999999999996,0.42000000000000004,0.389,0.362,0.33299999999999996,0.30300000000000005,0.29000000000000004,0.27,0.258
0.035714,0.3,1.0,1.0,1.0,1.0,1.0,1.0,1.0,1.0,1.0,1.0,1.0,1.0,1.0,1.0,1.0,1.0,1.0,1.0,1.0,1.0,1.0,0.999,0.998,0.993,0.985,0.982,0.966,0.95,0.929,0.91,0.883,0.843,0.796,0.762,0.7130000000000001,0.653,0.602,0.558,0.523,0.484,0.44299999999999995,0.403,0.369,0.32999999999999996,0.30100000000000005,0.275,0.254,0.23299999999999998,0.21199999999999997,0.19999999999999996
0.035714,0.25,1.0,1.0,1.0,1.0,1.0,1.0,1.0,1.0,1.0,1.0,1.0,1.0,1.0,1.0,1.0,1.0,1.0,1.0,1.0,1.0,1.0,1.0,1.0,0.998,0.995,0.988,0.984,0.97,0.953,0.927,0.903,0.869,0.8140000000000001,0.769,0.7130000000000001,0.643,0.587,0.528,0.483,0.43300000000000005,0.379,0.32999999999999996,0.29900000000000004,0.26,0.22899999999999998,0.20499999999999996,0.18500000000000005,0.16400000000000003,0.15000000000000002,0.132
0.035714,0.2,1.0,1.0,1.0,1.0,1.0,1.0,1.0,1.0,1.0,1.0,1.0,1.0,1.0,1.0,1.0,1.0,1.0,1.0,1.0,1.0,1.0,1.0,1.0,1.0,1.0,0.997,0.994,0.985,0.973,0.952,0.925,0.892,0.832,0.777,0.7070000000000001,0.617,0.548,0.486,0.40900000000000003,0.349,0.29300000000000004,0.247,0.20999999999999996,0.17600000000000005,0.15100000000000002,0.131,0.10499999999999998,0.08799999999999997,0.07199999999999995,0.062000000000000055
0.035714,0.15,1.0,1.0,1.0,1.0,1.0,1.0,1.0,1.0,1.0,1.0,1.0,1.0,1.0,1.0,1.0,1.0,1.0,1.0,1.0,1.0,1.0,1.0,1.0,1.0,1.0,1.0,1.0,0.994,0.99,0.98,0.953,0.918,0.871,0.786,0.6930000000000001,0.585,0.492,0.387,0.30100000000000005,0.22799999999999998,0.17600000000000005,0.14,0.10499999999999998,0.07499999999999996,0.05400000000000005,0.04200000000000004,0.031000000000000028,0.02100000000000002,0.015000000000000013,0.01100000000000001
0.035714,0.1,1.0,1.0,1.0,1.0,1.0,1.0,1.0,1.0,1.0,1.0,1.0,1.0,1.0,1.0,1.0,1.0,1.0,1.0,1.0,1.0,1.0,1.0,1.0,1.0,1.0,1.0,1.0,1.0,1.0,0.994,0.986,0.954,0.906,0.802,0.652,0.496,0.344,0.21899999999999997,0.14400000000000002,0.08499999999999996,0.04400000000000004,0.025000000000000022,0.014000000000000012,0.007000000000000006,0.0030000000000000027,0.0,0.0,0.0,0.0,0.0
0.035714,0.05,1.0,1.0,1.0,1.0,1.0,1.0,1.0,1.0,1.0,1.0,1.0,1.0,1.0,1.0,1.0,1.0,1.0,1.0,1.0,1.0,1.0,1.0,1.0,1.0,1.0,1.0,1.0,1.0,1.0,1.0,1.0,0.994,0.965,0.832,0.529,0.22799999999999998,0.07499999999999996,0.017000000000000015,0.0030000000000000027,0.0,0.0,0.0,0.0,0.0,0.0,0.0,0.0,0.0,0.0,0.0
0.035714,0.0,1.0,1.0,1.0,1.0,1.0,1.0,1.0,1.0,1.0,1.0,1.0,1.0,1.0,1.0,1.0,1.0,1.0,1.0,1.0,1.0,1.0,1.0,1.0,1.0,1.0,1.0,1.0,1.0,1.0,1.0,1.0,1.0,1.0,1.0,0.0,0.0,0.0,0.0,0.0,0.0,0.0,0.0,0.0,0.0,0.0,0.0,0.0,0.0,0.0,0.0
0.033333,1.0,1.0,1.0,1.0,1.0,1.0,1.0,1.0,1.0,1.0,0.999,0.997,0.997,0.996,0.99,0.977,0.971,0.961,0.952,0.935,0.92,0.909,0.897,0.883,0.86,0.843,0.8200000000000001,0.7989999999999999,0.778,0.76,0.744,0.727,0.706,0.6890000000000001,0.6699999999999999,0.6599999999999999,0.646,0.63,0.614,0.5920000000000001,0.581,0.575,0.569,0.558,0.552,0.5409999999999999,0.5329999999999999,0.526,0.521,0.512,0.506
0.033333,0.95,1.0,1.0,1.0,1.0,1.0,1.0,1.0,1.0,1.0,1.0,0.997,0.997,0.996,0.99,0.983,0.974,0.962,0.955,0.944,0.926,0.912,0.903,0.893,0.867,0.851,0.835,0.812,0.788,0.769,0.751,0.737,0.714,0.6950000000000001,0.679,0.6639999999999999,0.653,0.639,0.62,0.601,0.591,0.5800000000000001,0.575,0.571,0.558,0.55,0.538,0.529,0.527,0.518,0.512
0.033333,0.9,1.0,1.0,1.0,1.0,1.0,1.0,1.0,1.0,1.0,1.0,0.999,0.997,0.997,0.995,0.989,0.978,0.971,0.959,0.953,0.937,0.92,0.909,0.901,0.889,0.863,0.847,0.832,0.8109999999999999,0.788,0.763,0.749,0.733,0.7150000000000001,0.692,0.679,0.6639999999999999,0.65,0.636,0.619,0.603,0.5900000000000001,0.5800000000000001,0.577,0.5680000000000001,0.556,0.546,0.534,0.529,0.526,0.518
0.033333,0.85,1.0,1.0,1.0,1.0,1.0,1.0,1.0,1.0,1.0,1.0,1.0,0.997,0.997,0.996,0.992,0.984,0.978,0.966,0.958,0.95,0.9359999999999999,0.917,0.906,0.899,0.879,0.86,0.843,0.825,0.8049999999999999,0.784,0.764,0.746,0.728,0.712,0.687,0.6719999999999999,0.661,0.644,0.625,0.61,0.598,0.589,0.581,0.5720000000000001,0.5569999999999999,0.5489999999999999,0.5409999999999999,0.531,0.529,0.524
0.033333,0.8,1.0,1.0,1.0,1.0,1.0,1.0,1.0,1.0,1.0,1.0,1.0,0.999,0.997,0.997,0.995,0.99,0.985,0.975,0.965,0.956,0.945,0.931,0.916,0.905,0.897,0.874,0.857,0.841,0.8200000000000001,0.8,0.777,0.76,0.743,0.724,0.71,0.685,0.6719999999999999,0.654,0.637,0.62,0.603,0.591,0.5860000000000001,0.577,0.563,0.5489999999999999,0.5429999999999999,0.5349999999999999,0.529,0.525
0.033333,0.75,1.0,1.0,1.0,1.0,1.0,1.0,1.0,1.0,1.0,1.0,1.0,1.0,0.998,0.997,0.997,0.994,0.988,0.982,0.972,0.965,0.955,0.943,0.9299999999999999,0.915,0.905,0.889,0.869,0.851,0.835,0.8180000000000001,0.796,0.774,0.756,0.737,0.718,0.7,0.681,0.6679999999999999,0.653,0.628,0.607,0.596,0.5860000000000001,0.581,0.5660000000000001,0.5509999999999999,0.542,0.536,0.529,0.521
0.033333,0.7,1.0,1.0,1.0,1.0,1.0,1.0,1.0,1.0,1.0,1.0,1.0,1.0,0.999,0.998,0.997,0.996,0.992,0.986,0.982,0.972,0.964,0.953,0.942,0.928,0.914,0.904,0.888,0.868,0.848,0.83,0.8089999999999999,0.789,0.767,0.753,0.73,0.712,0.692,0.675,0.656,0.637,0.617,0.598,0.589,0.5840000000000001,0.5660000000000001,0.5509999999999999,0.542,0.5349999999999999,0.527,0.518
0.033333,0.65,1.0,1.0,1.0,1.0,1.0,1.0,1.0,1.0,1.0,1.0,1.0,1.0,1.0,0.999,0.998,0.997,0.997,0.992,0.984,0.98,0.973,0.964,0.954,0.937,0.928,0.916,0.902,0.886,0.864,0.846,0.823,0.802,0.785,0.767,0.747,0.718,0.704,0.6859999999999999,0.6659999999999999,0.646,0.621,0.601,0.5920000000000001,0.5820000000000001,0.562,0.55,0.54,0.532,0.522,0.509
0.033333,0.6,1.0,1.0,1.0,1.0,1.0,1.0,1.0,1.0,1.0,1.0,1.0,1.0,1.0,1.0,0.999,0.998,0.998,0.996,0.991,0.983,0.979,0.972,0.963,0.953,0.937,0.925,0.913,0.899,0.882,0.86,0.84,0.8180000000000001,0.793,0.777,0.758,0.737,0.7110000000000001,0.692,0.673,0.65,0.622,0.607,0.591,0.5820000000000001,0.556,0.5469999999999999,0.5349999999999999,0.529,0.514,0.502
0.033333,0.55,1.0,1.0,1.0,1.0,1.0,1.0,1.0,1.0,1.0,1.0,1.0,1.0,1.0,1.0,1.0,0.999,0.998,0.998,0.995,0.991,0.983,0.979,0.971,0.963,0.95,0.9359999999999999,0.923,0.912,0.899,0.879,0.855,0.833,0.806,0.787,0.77,0.747,0.725,0.7010000000000001,0.6799999999999999,0.657,0.623,0.608,0.591,0.575,0.554,0.5389999999999999,0.53,0.517,0.505,0.491
0.033333,0.5,1.0,1.0,1.0,1.0,1.0,1.0,1.0,1.0,1.0,1.0,1.0,1.0,1.0,1.0,1.0,1.0,0.999,0.998,0.998,0.996,0.989,0.985,0.979,0.971,0.963,0.951,0.938,0.922,0.912,0.896,0.876,0.854,0.8240000000000001,0.7969999999999999,0.776,0.759,0.733,0.71,0.687,0.659,0.622,0.605,0.589,0.563,0.55,0.534,0.52,0.506,0.494,0.477
0.033333,0.45,1.0,1.0,1.0,1.0,1.0,1.0,1.0,1.0,1.0,1.0,1.0,1.0,1.0,1.0,1.0,1.0,1.0,0.999,0.999,0.998,0.996,0.992,0.985,0.981,0.973,0.965,0.951,0.9390000000000001,0.923,0.908,0.895,0.87,0.844,0.815,0.788,0.767,0.744,0.716,0.6930000000000001,0.6579999999999999,0.623,0.602,0.583,0.556,0.5389999999999999,0.522,0.508,0.491,0.47,0.45499999999999996
0.033333,0.4,1.0,1.0,1.0,1.0,1.0,1.0,1.0,1.0,1.0,1.0,1.0,1.0,1.0,1.0,1.0,1.0,1.0,1.0,1.0,0.999,0.998,0.997,0.993,0.985,0.985,0.975,0.966,0.952,0.94,0.92,0.905,0.89,0.863,0.833,0.802,0.776,0.751,0.721,0.6970000000000001,0.6579999999999999,0.62,0.594,0.565,0.5449999999999999,0.523,0.509,0.489,0.46299999999999997,0.44699999999999995,0.42400000000000004
0.033333,0.35,1.0,1.0,1.0,1.0,1.0,1.0,1.0,1.0,1.0,1.0,1.0,1.0,1.0,1.0,1.0,1.0,1.0,1.0,1.0,1.0,1.0,0.999,0.998,0.995,0.989,0.985,0.981,0.965,0.955,0.9410000000000001,0.922,0.905,0.882,0.854,0.8220000000000001,0.788,0.759,0.723,0.698,0.655,0.609,0.581,0.55,0.524,0.507,0.477,0.44999999999999996,0.42700000000000005,0.40700000000000003,0.381
0.033333,0.3,1.0,1.0,1.0,1.0,1.0,1.0,1.0,1.0,1.0,1.0,1.0,1.0,1.0,1.0,1.0,1.0,1.0,1.0,1.0,1.0,1.0,1.0,1.0,0.998,0.995,0.994,0.985,0.983,0.97,0.955,0.94,0.922,0.904,0.875,0.838,0.8,0.764,0.728,0.696,0.641,0.6,0.5589999999999999,0.528,0.502,0.46699999999999997,0.43400000000000005,0.402,0.374,0.34299999999999997,0.30700000000000005
0.033333,0.25,1.0,1.0,1.0,1.0,1.0,1.0,1.0,1.0,1.0,1.0,1.0,1.0,1.0,1.0,1.0,1.0,1.0,1.0,1.0,1.0,1.0,1.0,1.0,1.0,1.0,0.997,0.994,0.989,0.985,0.975,0.957,0.9410000000000001,0.921,0.901,0.861,0.819,0.775,0.73,0.688,0.62,0.5740000000000001,0.528,0.494,0.45099999999999996,0.406,0.369,0.32599999999999996,0.29400000000000004,0.268,0.241
0.033333,0.2,1.0,1.0,1.0,1.0,1.0,1.0,1.0,1.0,1.0,1.0,1.0,1.0,1.0,1.0,1.0,1.0,1.0,1.0,1.0,1.0,1.0,1.0,1.0,1.0,1.0,1.0,0.999,0.995,0.994,0.988,0.981,0.962,0.943,0.919,0.889,0.838,0.785,0.729,0.6659999999999999,0.594,0.531,0.484,0.42200000000000004,0.369,0.31200000000000006,0.273,0.23399999999999999,0.20699999999999996,0.18400000000000005,0.15400000000000003
0.033333,0.15,1.0,1.0,1.0,1.0,1.0,1.0,1.0,1.0,1.0,1.0,1.0,1.0,1.0,1.0,1.0,1.0,1.0,1.0,1.0,1.0,1.0,1.0,1.0,1.0,1.0,1.0,1.0,1.0,1.0,0.995,0.994,0.987,0.969,0.946,0.911,0.866,0.7989999999999999,0.723,0.629,0.5329999999999999,0.46799999999999997,0.38,0.30500000000000005,0.246,0.19699999999999995,0.15600000000000003,0.131,0.10199999999999998,0.07699999999999996,0.06000000000000005
0.033333,0.1,1.0,1.0,1.0,1.0,1.0,1.0,1.0,1.0,1.0,1.0,1.0,1.0,1.0,1.0,1.0,1.0,1.0,1.0,1.0,1.0,1.0,1.0,1.0,1.0,1.0,1.0,1.0,1.0,1.0,1.0,1.0,0.998,0.994,0.983,0.951,0.904,0.8140000000000001,0.7030000000000001,0.55,0.42300000000000004,0.29600000000000004,0.20499999999999996,0.14300000000000002,0.08999999999999997,0.05300000000000005,0.03400000000000003,0.020000000000000018,0.014000000000000012,0.0050000000000000044,0.0020000000000000018
0.033333,0.05,1.0,1.0,1.0,1.0,1.0,1.0,1.0,1.0,1.0,1.0,1.0,1.0,1.0,1.0,1.0,1.0,1.0,1.0,1.0,1.0,1.0,1.0,1.0,1.0,1.0,1.0,1.0,1.0,1.0,1.0,1.0,1.0,1.0,1.0,0.994,0.963,0.852,0.602,0.31599999999999995,0.137,0.041000000000000036,0.01200000000000001,0.0010000000000000009,0.0,0.0,0.0,0.0,0.0,0.0,0.0
0.033333,0.0,1.0,1.0,1.0,1.0,1.0,1.0,1.0,1.0,1.0,1.0,1.0,1.0,1.0,1.0,1.0,1.0,1.0,1.0,1.0,1.0,1.0,1.0,1.0,1.0,1.0,1.0,1.0,1.0,1.0,1.0,1.0,1.0,1.0,1.0,1.0,1.0,1.0,0.0,0.0,0.0,0.0,0.0,0.0,0.0,0.0,0.0,0.0,0.0,0.0,0.0
0.03,1.0,1.0,1.0,1.0,1.0,1.0,1.0,1.0,1.0,1.0,1.0,0.999,0.997,0.997,0.995,0.99,0.982,0.975,0.965,0.958,0.951,0.9359999999999999,0.919,0.91,0.903,0.889,0.872,0.855,0.84,0.8260000000000001,0.81,0.795,0.774,0.756,0.742,0.728,0.714,0.702,0.6890000000000001,0.679,0.6639999999999999,0.65,0.638,0.628,0.616,0.612,0.6,0.594,0.589,0.5820000000000001,0.5740000000000001
0.03,0.95,1.0,1.0,1.0,1.0,1.0,1.0,1.0,1.0,1.0,1.0,0.999,0.997,0.997,0.995,0.992,0.984,0.978,0.967,0.96,0.954,0.942,0.926,0.914,0.905,0.897,0.882,0.863,0.848,0.833,0.8200000000000001,0.806,0.787,0.771,0.754,0.738,0.726,0.712,0.702,0.6859999999999999,0.6759999999999999,0.663,0.648,0.638,0.623,0.615,0.609,0.601,0.596,0.5900000000000001,0.581
0.03,0.9,1.0,1.0,1.0,1.0,1.0,1.0,1.0,1.0,1.0,1.0,1.0,0.998,0.997,0.997,0.995,0.99,0.982,0.974,0.967,0.959,0.953,0.9390000000000001,0.927,0.916,0.907,0.893,0.883,0.861,0.85,0.834,0.819,0.8009999999999999,0.788,0.772,0.756,0.74,0.727,0.716,0.702,0.69,0.679,0.6619999999999999,0.653,0.642,0.628,0.617,0.61,0.607,0.599,0.593
0.03,0.85,1.0,1.0,1.0,1.0,1.0,1.0,1.0,1.0,1.0,1.0,1.0,0.999,0.998,0.997,0.995,0.994,0.988,0.982,0.974,0.966,0.96,0.949,0.935,0.928,0.915,0.907,0.893,0.882,0.862,0.851,0.83,0.8180000000000001,0.7989999999999999,0.789,0.774,0.753,0.742,0.73,0.718,0.706,0.6930000000000001,0.681,0.6619999999999999,0.653,0.641,0.628,0.617,0.609,0.607,0.599
0.03,0.8,1.0,1.0,1.0,1.0,1.0,1.0,1.0,1.0,1.0,1.0,1.0,1.0,0.999,0.998,0.997,0.995,0.992,0.986,0.981,0.974,0.965,0.961,0.947,0.935,0.929,0.917,0.908,0.892,0.882,0.862,0.849,0.829,0.8140000000000001,0.798,0.786,0.771,0.754,0.742,0.73,0.719,0.71,0.6950000000000001,0.677,0.661,0.654,0.637,0.626,0.618,0.608,0.607
0.03,0.75,1.0,1.0,1.0,1.0,1.0,1.0,1.0,1.0,1.0,1.0,1.0,1.0,1.0,0.998,0.998,0.997,0.995,0.991,0.984,0.979,0.973,0.966,0.96,0.947,0.9339999999999999,0.927,0.917,0.904,0.894,0.886,0.865,0.849,0.831,0.8140000000000001,0.7969999999999999,0.782,0.764,0.752,0.738,0.728,0.722,0.706,0.6930000000000001,0.6739999999999999,0.6619999999999999,0.647,0.636,0.624,0.616,0.607
0.03,0.7,1.0,1.0,1.0,1.0,1.0,1.0,1.0,1.0,1.0,1.0,1.0,1.0,1.0,0.999,0.998,0.998,0.997,0.994,0.991,0.984,0.979,0.974,0.966,0.961,0.945,0.935,0.929,0.918,0.904,0.895,0.884,0.867,0.849,0.827,0.815,0.7969999999999999,0.779,0.762,0.75,0.737,0.727,0.716,0.704,0.6930000000000001,0.671,0.661,0.645,0.634,0.623,0.61
0.03,0.65,1.0,1.0,1.0,1.0,1.0,1.0,1.0,1.0,1.0,1.0,1.0,1.0,1.0,1.0,0.999,0.998,0.998,0.998,0.995,0.988,0.983,0.98,0.973,0.967,0.961,0.948,0.9390000000000001,0.929,0.917,0.899,0.895,0.884,0.866,0.846,0.8280000000000001,0.812,0.794,0.775,0.757,0.743,0.733,0.728,0.7130000000000001,0.6970000000000001,0.6859999999999999,0.6639999999999999,0.65,0.639,0.625,0.618
0.03,0.6,1.0,1.0,1.0,1.0,1.0,1.0,1.0,1.0,1.0,1.0,1.0,1.0,1.0,1.0,1.0,0.999,0.998,0.998,0.998,0.995,0.988,0.985,0.98,0.973,0.968,0.962,0.95,0.9390000000000001,0.929,0.918,0.906,0.895,0.885,0.863,0.846,0.8280000000000001,0.812,0.791,0.774,0.754,0.739,0.732,0.721,0.704,0.694,0.6739999999999999,0.657,0.644,0.63,0.621
0.03,0.55,1.0,1.0,1.0,1.0,1.0,1.0,1.0,1.0,1.0,1.0,1.0,1.0,1.0,1.0,1.0,1.0,0.999,0.999,0.998,0.998,0.996,0.988,0.985,0.983,0.976,0.968,0.959,0.953,0.94,0.9319999999999999,0.918,0.905,0.894,0.885,0.864,0.846,0.8280000000000001,0.808,0.786,0.768,0.747,0.734,0.726,0.7110000000000001,0.6970000000000001,0.681,0.6619999999999999,0.646,0.632,0.62
0.03,0.5,1.0,1.0,1.0,1.0,1.0,1.0,1.0,1.0,1.0,1.0,1.0,1.0,1.0,1.0,1.0,1.0,1.0,1.0,0.999,0.998,0.998,0.996,0.991,0.985,0.985,0.98,0.969,0.96,0.954,0.943,0.9319999999999999,0.92,0.905,0.895,0.883,0.861,0.839,0.825,0.8049999999999999,0.783,0.763,0.741,0.733,0.719,0.7010000000000001,0.688,0.665,0.647,0.632,0.613
0.03,0.45,1.0,1.0,1.0,1.0,1.0,1.0,1.0,1.0,1.0,1.0,1.0,1.0,1.0,1.0,1.0,1.0,1.0,1.0,1.0,1.0,0.999,0.998,0.996,0.993,0.989,0.985,0.983,0.975,0.96,0.955,0.948,0.935,0.921,0.906,0.897,0.881,0.86,0.838,0.821,0.7969999999999999,0.774,0.748,0.737,0.724,0.7030000000000001,0.6890000000000001,0.663,0.644,0.627,0.603
0.03,0.4,1.0,1.0,1.0,1.0,1.0,1.0,1.0,1.0,1.0,1.0,1.0,1.0,1.0,1.0,1.0,1.0,1.0,1.0,1.0,1.0,1.0,1.0,0.998,0.997,0.995,0.991,0.985,0.984,0.977,0.966,0.957,0.948,0.937,0.923,0.909,0.899,0.882,0.853,0.834,0.81,0.788,0.766,0.739,0.727,0.7050000000000001,0.6859999999999999,0.6599999999999999,0.639,0.614,0.5900000000000001
0.03,0.35,1.0,1.0,1.0,1.0,1.0,1.0,1.0,1.0,1.0,1.0,1.0,1.0,1.0,1.0,1.0,1.0,1.0,1.0,1.0,1.0,1.0,1.0,1.0,1.0,0.997,0.995,0.994,0.99,0.985,0.982,0.969,0.96,0.951,0.9410000000000001,0.925,0.91,0.901,0.881,0.846,0.829,0.7989999999999999,0.776,0.743,0.728,0.706,0.6799999999999999,0.656,0.626,0.597,0.575
0.03,0.3,1.0,1.0,1.0,1.0,1.0,1.0,1.0,1.0,1.0,1.0,1.0,1.0,1.0,1.0,1.0,1.0,1.0,1.0,1.0,1.0,1.0,1.0,1.0,1.0,1.0,0.999,0.996,0.994,0.993,0.989,0.986,0.977,0.967,0.953,0.943,0.9319999999999999,0.91,0.899,0.873,0.841,0.812,0.786,0.753,0.731,0.7050000000000001,0.6759999999999999,0.642,0.603,0.575,0.548
0.03,0.25,1.0,1.0,1.0,1.0,1.0,1.0,1.0,1.0,1.0,1.0,1.0,1.0,1.0,1.0,1.0,1.0,1.0,1.0,1.0,1.0,1.0,1.0,1.0,1.0,1.0,1.0,1.0,0.999,0.996,0.994,0.993,0.987,0.985,0.973,0.963,0.946,0.9339999999999999,0.908,0.897,0.867,0.833,0.793,0.761,0.73,0.6970000000000001,0.6599999999999999,0.614,0.5720000000000001,0.5369999999999999,0.513
0.03,0.2,1.0,1.0,1.0,1.0,1.0,1.0,1.0,1.0,1.0,1.0,1.0,1.0,1.0,1.0,1.0,1.0,1.0,1.0,1.0,1.0,1.0,1.0,1.0,1.0,1.0,1.0,1.0,1.0,1.0,1.0,0.997,0.994,0.993,0.987,0.982,0.967,0.953,0.9359999999999999,0.911,0.895,0.85,0.8049999999999999,0.766,0.729,0.681,0.628,0.5720000000000001,0.529,0.494,0.44899999999999995
0.03,0.15,1.0,1.0,1.0,1.0,1.0,1.0,1.0,1.0,1.0,1.0,1.0,1.0,1.0,1.0,1.0,1.0,1.0,1.0,1.0,1.0,1.0,1.0,1.0,1.0,1.0,1.0,1.0,1.0,1.0,1.0,1.0,1.0,0.998,0.995,0.994,0.987,0.98,0.964,0.9410000000000001,0.911,0.887,0.827,0.77,0.716,0.644,0.567,0.515,0.44599999999999995,0.39,0.32199999999999995
0.03,0.1,1.0,1.0,1.0,1.0,1.0,1.0,1.0,1.0,1.0,1.0,1.0,1.0,1.0,1.0,1.0,1.0,1.0,1.0,1.0,1.0,1.0,1.0,1.0,1.0,1.0,1.0,1.0,1.0,1.0,1.0,1.0,1.0,1.0,1.0,1.0,0.998,0.995,0.988,0.977,0.95,0.909,0.853,0.769,0.679,0.5549999999999999,0.46099999999999997,0.354,0.27,0.20799999999999996,0.14600000000000002
0.03,0.05,1.0,1.0,1.0,1.0,1.0,1.0,1.0,1.0,1.0,1.0,1.0,1.0,1.0,1.0,1.0,1.0,1.0,1.0,1.0,1.0,1.0,1.0,1.0,1.0,1.0,1.0,1.0,1.0,1.0,1.0,1.0,1.0,1.0,1.0,1.0,1.0,1.0,1.0,0.998,0.994,0.972,0.902,0.751,0.53,0.30800000000000005,0.15500000000000003,0.06899999999999995,0.027000000000000024,0.007000000000000006,0.0010000000000000009
0.03,0.0,1.0,1.0,1.0,1.0,1.0,1.0,1.0,1.0,1.0,1.0,1.0,1.0,1.0,1.0,1.0,1.0,1.0,1.0,1.0,1.0,1.0,1.0,1.0,1.0,1.0,1.0,1.0,1.0,1.0,1.0,1.0,1.0,1.0,1.0,1.0,1.0,1.0,1.0,1.0,1.0,1.0,1.0,0.0,0.0,0.0,0.0,0.0,0.0,0.0,0.0
0.028571,1.0,1.0,1.0,1.0,1.0,1.0,1.0,1.0,1.0,1.0,1.0,0.999,0.997,0.997,0.995,0.993,0.984,0.979,0.969,0.963,0.957,0.947,0.9359999999999999,0.922,0.913,0.902,0.889,0.876,0.861,0.847,0.831,0.8200000000000001,0.804,0.79,0.776,0.757,0.74,0.732,0.721,0.714,0.6970000000000001,0.688,0.675,0.661,0.651,0.639,0.632,0.625,0.615,0.611,0.604
0.028571,0.95,1.0,1.0,1.0,1.0,1.0,1.0,1.0,1.0,1.0,1.0,1.0,0.997,0.997,0.997,0.995,0.989,0.982,0.974,0.967,0.96,0.954,0.942,0.928,0.919,0.908,0.896,0.886,0.87,0.858,0.843,0.827,0.8160000000000001,0.8,0.788,0.774,0.75,0.743,0.73,0.721,0.7130000000000001,0.7010000000000001,0.69,0.675,0.661,0.652,0.639,0.635,0.629,0.619,0.611
0.028571,0.9,1.0,1.0,1.0,1.0,1.0,1.0,1.0,1.0,1.0,1.0,1.0,0.999,0.997,0.997,0.995,0.993,0.986,0.981,0.972,0.966,0.96,0.95,0.938,0.929,0.919,0.91,0.897,0.888,0.871,0.858,0.845,0.829,0.8140000000000001,0.798,0.79,0.774,0.755,0.742,0.735,0.728,0.7170000000000001,0.7070000000000001,0.6950000000000001,0.6839999999999999,0.6659999999999999,0.657,0.646,0.639,0.629,0.625
0.028571,0.85,1.0,1.0,1.0,1.0,1.0,1.0,1.0,1.0,1.0,1.0,1.0,1.0,0.998,0.997,0.997,0.995,0.992,0.985,0.981,0.974,0.965,0.961,0.951,0.9359999999999999,0.9299999999999999,0.919,0.908,0.898,0.89,0.873,0.861,0.846,0.829,0.8140000000000001,0.7969999999999999,0.791,0.773,0.754,0.744,0.735,0.726,0.72,0.712,0.6950000000000001,0.688,0.6759999999999999,0.663,0.648,0.639,0.63
0.028571,0.8,1.0,1.0,1.0,1.0,1.0,1.0,1.0,1.0,1.0,1.0,1.0,1.0,0.999,0.998,0.997,0.997,0.993,0.991,0.984,0.978,0.974,0.966,0.961,0.949,0.937,0.931,0.92,0.91,0.896,0.893,0.878,0.862,0.85,0.8280000000000001,0.8160000000000001,0.8,0.787,0.772,0.754,0.745,0.734,0.728,0.721,0.7110000000000001,0.698,0.6890000000000001,0.6799999999999999,0.667,0.656,0.643
0.028571,0.75,1.0,1.0,1.0,1.0,1.0,1.0,1.0,1.0,1.0,1.0,1.0,1.0,1.0,0.999,0.998,0.998,0.997,0.994,0.99,0.983,0.978,0.973,0.966,0.961,0.947,0.9390000000000001,0.9299999999999999,0.921,0.911,0.896,0.892,0.881,0.868,0.847,0.83,0.819,0.7989999999999999,0.788,0.771,0.755,0.743,0.733,0.728,0.716,0.7050000000000001,0.698,0.6859999999999999,0.677,0.6679999999999999,0.655
0.028571,0.7,1.0,1.0,1.0,1.0,1.0,1.0,1.0,1.0,1.0,1.0,1.0,1.0,1.0,1.0,0.999,0.998,0.998,0.997,0.994,0.988,0.983,0.978,0.973,0.967,0.962,0.95,0.9410000000000001,0.9319999999999999,0.921,0.915,0.897,0.892,0.882,0.867,0.848,0.831,0.8200000000000001,0.8009999999999999,0.79,0.773,0.754,0.742,0.734,0.725,0.7170000000000001,0.7030000000000001,0.694,0.685,0.673,0.665
0.028571,0.65,1.0,1.0,1.0,1.0,1.0,1.0,1.0,1.0,1.0,1.0,1.0,1.0,1.0,1.0,1.0,0.998,0.998,0.998,0.998,0.995,0.988,0.985,0.98,0.973,0.968,0.963,0.952,0.944,0.9339999999999999,0.922,0.915,0.901,0.893,0.883,0.868,0.848,0.832,0.8240000000000001,0.8029999999999999,0.786,0.772,0.751,0.74,0.731,0.724,0.714,0.7030000000000001,0.6910000000000001,0.6799999999999999,0.669
0.028571,0.6,1.0,1.0,1.0,1.0,1.0,1.0,1.0,1.0,1.0,1.0,1.0,1.0,1.0,1.0,1.0,1.0,0.999,0.998,0.998,0.997,0.995,0.988,0.985,0.983,0.975,0.968,0.963,0.953,0.945,0.937,0.924,0.916,0.904,0.892,0.883,0.869,0.849,0.833,0.8200000000000001,0.8009999999999999,0.785,0.771,0.75,0.738,0.728,0.719,0.708,0.6970000000000001,0.6859999999999999,0.6699999999999999
0.028571,0.55,1.0,1.0,1.0,1.0,1.0,1.0,1.0,1.0,1.0,1.0,1.0,1.0,1.0,1.0,1.0,1.0,1.0,0.999,0.999,0.998,0.998,0.995,0.99,0.985,0.985,0.98,0.971,0.961,0.954,0.947,0.938,0.926,0.92,0.905,0.896,0.882,0.87,0.85,0.834,0.8200000000000001,0.7989999999999999,0.784,0.768,0.75,0.738,0.725,0.7130000000000001,0.7050000000000001,0.6890000000000001,0.675
0.028571,0.5,1.0,1.0,1.0,1.0,1.0,1.0,1.0,1.0,1.0,1.0,1.0,1.0,1.0,1.0,1.0,1.0,1.0,1.0,1.0,0.999,0.998,0.998,0.996,0.992,0.985,0.985,0.983,0.975,0.963,0.958,0.949,0.942,0.931,0.92,0.907,0.899,0.885,0.871,0.849,0.834,0.813,0.794,0.778,0.762,0.747,0.733,0.721,0.7070000000000001,0.696,0.681
0.028571,0.45,1.0,1.0,1.0,1.0,1.0,1.0,1.0,1.0,1.0,1.0,1.0,1.0,1.0,1.0,1.0,1.0,1.0,1.0,1.0,1.0,1.0,0.999,0.998,0.996,0.994,0.99,0.985,0.984,0.978,0.968,0.96,0.952,0.944,0.933,0.92,0.908,0.901,0.886,0.871,0.848,0.833,0.81,0.789,0.772,0.758,0.739,0.724,0.708,0.7,0.6799999999999999
0.028571,0.4,1.0,1.0,1.0,1.0,1.0,1.0,1.0,1.0,1.0,1.0,1.0,1.0,1.0,1.0,1.0,1.0,1.0,1.0,1.0,1.0,1.0,1.0,1.0,0.998,0.997,0.995,0.993,0.989,0.985,0.982,0.972,0.965,0.955,0.945,0.9359999999999999,0.926,0.909,0.9,0.892,0.869,0.847,0.8280000000000001,0.8,0.78,0.766,0.75,0.731,0.712,0.7,0.6779999999999999
0.028571,0.35,1.0,1.0,1.0,1.0,1.0,1.0,1.0,1.0,1.0,1.0,1.0,1.0,1.0,1.0,1.0,1.0,1.0,1.0,1.0,1.0,1.0,1.0,1.0,1.0,1.0,0.997,0.995,0.994,0.993,0.989,0.986,0.98,0.968,0.962,0.952,0.94,0.9319999999999999,0.911,0.899,0.892,0.868,0.848,0.819,0.794,0.774,0.755,0.735,0.712,0.6970000000000001,0.6719999999999999
0.028571,0.3,1.0,1.0,1.0,1.0,1.0,1.0,1.0,1.0,1.0,1.0,1.0,1.0,1.0,1.0,1.0,1.0,1.0,1.0,1.0,1.0,1.0,1.0,1.0,1.0,1.0,1.0,1.0,0.998,0.995,0.994,0.993,0.987,0.985,0.974,0.966,0.959,0.944,0.935,0.918,0.9,0.891,0.865,0.842,0.8049999999999999,0.776,0.76,0.737,0.712,0.69,0.6619999999999999
0.028571,0.25,1.0,1.0,1.0,1.0,1.0,1.0,1.0,1.0,1.0,1.0,1.0,1.0,1.0,1.0,1.0,1.0,1.0,1.0,1.0,1.0,1.0,1.0,1.0,1.0,1.0,1.0,1.0,1.0,1.0,0.999,0.995,0.994,0.992,0.987,0.985,0.974,0.964,0.951,0.938,0.922,0.9,0.89,0.86,0.8260000000000001,0.788,0.765,0.738,0.71,0.6759999999999999,0.644
0.028571,0.2,1.0,1.0,1.0,1.0,1.0,1.0,1.0,1.0,1.0,1.0,1.0,1.0,1.0,1.0,1.0,1.0,1.0,1.0,1.0,1.0,1.0,1.0,1.0,1.0,1.0,1.0,1.0,1.0,1.0,1.0,1.0,1.0,0.996,0.994,0.994,0.987,0.983,0.972,0.96,0.943,0.925,0.903,0.884,0.851,0.804,0.769,0.733,0.6970000000000001,0.654,0.6
0.028571,0.15,1.0,1.0,1.0,1.0,1.0,1.0,1.0,1.0,1.0,1.0,1.0,1.0,1.0,1.0,1.0,1.0,1.0,1.0,1.0,1.0,1.0,1.0,1.0,1.0,1.0,1.0,1.0,1.0,1.0,1.0,1.0,1.0,1.0,1.0,0.998,0.996,0.994,0.989,0.983,0.971,0.955,0.931,0.906,0.874,0.815,0.769,0.72,0.6619999999999999,0.595,0.5349999999999999
0.028571,0.1,1.0,1.0,1.0,1.0,1.0,1.0,1.0,1.0,1.0,1.0,1.0,1.0,1.0,1.0,1.0,1.0,1.0,1.0,1.0,1.0,1.0,1.0,1.0,1.0,1.0,1.0,1.0,1.0,1.0,1.0,1.0,1.0,1.0,1.0,1.0,1.0,1.0,0.998,0.995,0.994,0.984,0.969,0.943,0.901,0.848,0.766,0.6910000000000001,0.583,0.494,0.40800000000000003
0.028571,0.05,1.0,1.0,1.0,1.0,1.0,1.0,1.0,1.0,1.0,1.0,1.0,1.0,1.0,1.0,1.0,1.0,1.0,1.0,1.0,1.0,1.0,1.0,1.0,1.0,1.0,1.0,1.0,1.0,1.0,1.0,1.0,1.0,1.0,1.0,1.0,1.0,1.0,1.0,1.0,1.0,1.0,0.997,0.987,0.959,0.888,0.741,0.538,0.33599999999999997,0.19399999999999995,0.10199999999999998
0.028571,0.0,1.0,1.0,1.0,1.0,1.0,1.0,1.0,1.0,1.0,1.0,1.0,1.0,1.0,1.0,1.0,1.0,1.0,1.0,1.0,1.0,1.0,1.0,1.0,1.0,1.0,1.0,1.0,1.0,1.0,1.0,1.0,1.0,1.0,1.0,1.0,1.0,1.0,1.0,1.0,1.0,1.0,1.0,1.0,1.0,1.0,0.0,0.0,0.0,0.0,0.0
0.025,1.0,1.0,1.0,1.0,1.0,1.0,1.0,1.0,1.0,1.0,1.0,1.0,0.999,0.998,0.997,0.996,0.994,0.988,0.984,0.976,0.972,0.965,0.962,0.951,0.94,0.933,0.928,0.915,0.905,0.897,0.889,0.881,0.869,0.858,0.846,0.829,0.8180000000000001,0.8029999999999999,0.791,0.778,0.771,0.758,0.748,0.737,0.73,0.723,0.716,0.71,0.702,0.694,0.6890000000000001
0.025,0.95,1.0,1.0,1.0,1.0,1.0,1.0,1.0,1.0,1.0,1.0,1.0,1.0,0.998,0.997,0.997,0.995,0.992,0.986,0.981,0.975,0.969,0.965,0.959,0.949,0.9390000000000001,0.9319999999999999,0.926,0.912,0.902,0.896,0.889,0.881,0.873,0.858,0.843,0.831,0.8200000000000001,0.8089999999999999,0.791,0.78,0.772,0.76,0.747,0.739,0.73,0.727,0.72,0.712,0.7010000000000001,0.6970000000000001
0.025,0.9,1.0,1.0,1.0,1.0,1.0,1.0,1.0,1.0,1.0,1.0,1.0,1.0,0.999,0.998,0.997,0.996,0.994,0.991,0.984,0.98,0.975,0.969,0.965,0.961,0.947,0.9410000000000001,0.933,0.927,0.917,0.906,0.897,0.889,0.885,0.874,0.866,0.85,0.836,0.825,0.812,0.798,0.788,0.783,0.766,0.755,0.741,0.736,0.731,0.727,0.7170000000000001,0.71
0.025,0.85,1.0,1.0,1.0,1.0,1.0,1.0,1.0,1.0,1.0,1.0,1.0,1.0,1.0,0.998,0.998,0.997,0.996,0.994,0.99,0.984,0.978,0.975,0.971,0.966,0.96,0.95,0.944,0.9359999999999999,0.927,0.918,0.908,0.901,0.891,0.886,0.877,0.868,0.857,0.841,0.833,0.819,0.806,0.792,0.785,0.773,0.762,0.749,0.743,0.739,0.731,0.721
0.025,0.8,1.0,1.0,1.0,1.0,1.0,1.0,1.0,1.0,1.0,1.0,1.0,1.0,1.0,0.999,0.998,0.998,0.998,0.997,0.993,0.988,0.986,0.98,0.974,0.971,0.967,0.961,0.952,0.945,0.9390000000000001,0.9299999999999999,0.923,0.911,0.905,0.893,0.889,0.879,0.873,0.862,0.849,0.836,0.8240000000000001,0.812,0.798,0.789,0.776,0.765,0.756,0.747,0.741,0.734
0.025,0.75,1.0,1.0,1.0,1.0,1.0,1.0,1.0,1.0,1.0,1.0,1.0,1.0,1.0,1.0,0.999,0.998,0.998,0.998,0.997,0.993,0.988,0.985,0.982,0.976,0.972,0.967,0.961,0.954,0.949,0.942,0.9339999999999999,0.924,0.916,0.909,0.896,0.89,0.882,0.876,0.865,0.852,0.843,0.829,0.815,0.8009999999999999,0.793,0.78,0.77,0.762,0.755,0.746
0.025,0.7,1.0,1.0,1.0,1.0,1.0,1.0,1.0,1.0,1.0,1.0,1.0,1.0,1.0,1.0,1.0,0.999,0.998,0.998,0.998,0.997,0.995,0.988,0.985,0.985,0.98,0.973,0.967,0.961,0.957,0.951,0.945,0.9359999999999999,0.927,0.92,0.914,0.9,0.894,0.887,0.879,0.868,0.855,0.848,0.836,0.821,0.806,0.7969999999999999,0.785,0.775,0.765,0.76
0.025,0.65,1.0,1.0,1.0,1.0,1.0,1.0,1.0,1.0,1.0,1.0,1.0,1.0,1.0,1.0,1.0,1.0,0.999,0.999,0.998,0.998,0.997,0.995,0.991,0.986,0.985,0.984,0.976,0.971,0.962,0.959,0.953,0.947,0.94,0.9319999999999999,0.925,0.916,0.904,0.899,0.892,0.887,0.872,0.86,0.851,0.84,0.823,0.8109999999999999,0.7989999999999999,0.789,0.777,0.768
0.025,0.6,1.0,1.0,1.0,1.0,1.0,1.0,1.0,1.0,1.0,1.0,1.0,1.0,1.0,1.0,1.0,1.0,1.0,1.0,0.999,0.999,0.998,0.998,0.996,0.992,0.989,0.985,0.984,0.979,0.974,0.968,0.96,0.955,0.95,0.945,0.937,0.928,0.921,0.906,0.901,0.896,0.889,0.879,0.866,0.856,0.843,0.832,0.817,0.8009999999999999,0.79,0.779
0.025,0.55,1.0,1.0,1.0,1.0,1.0,1.0,1.0,1.0,1.0,1.0,1.0,1.0,1.0,1.0,1.0,1.0,1.0,1.0,1.0,1.0,0.999,0.998,0.998,0.996,0.994,0.991,0.989,0.985,0.984,0.978,0.971,0.967,0.959,0.952,0.947,0.9390000000000001,0.9339999999999999,0.927,0.911,0.903,0.898,0.89,0.883,0.875,0.86,0.849,0.835,0.8240000000000001,0.806,0.791
0.025,0.5,1.0,1.0,1.0,1.0,1.0,1.0,1.0,1.0,1.0,1.0,1.0,1.0,1.0,1.0,1.0,1.0,1.0,1.0,1.0,1.0,1.0,1.0,1.0,0.998,0.995,0.995,0.993,0.992,0.988,0.986,0.981,0.974,0.97,0.965,0.959,0.95,0.944,0.937,0.931,0.921,0.907,0.901,0.895,0.884,0.882,0.864,0.852,0.838,0.8260000000000001,0.8089999999999999
0.025,0.45,1.0,1.0,1.0,1.0,1.0,1.0,1.0,1.0,1.0,1.0,1.0,1.0,1.0,1.0,1.0,1.0,1.0,1.0,1.0,1.0,1.0,1.0,1.0,1.0,0.999,0.997,0.995,0.994,0.993,0.991,0.987,0.986,0.982,0.973,0.97,0.964,0.959,0.95,0.942,0.9359999999999999,0.927,0.914,0.904,0.898,0.889,0.882,0.869,0.856,0.843,0.8280000000000001
0.025,0.4,1.0,1.0,1.0,1.0,1.0,1.0,1.0,1.0,1.0,1.0,1.0,1.0,1.0,1.0,1.0,1.0,1.0,1.0,1.0,1.0,1.0,1.0,1.0,1.0,1.0,1.0,0.999,0.996,0.995,0.994,0.993,0.991,0.987,0.987,0.98,0.973,0.969,0.963,0.958,0.949,0.942,0.933,0.923,0.91,0.9,0.89,0.884,0.872,0.86,0.846
0.025,0.35,1.0,1.0,1.0,1.0,1.0,1.0,1.0,1.0,1.0,1.0,1.0,1.0,1.0,1.0,1.0,1.0,1.0,1.0,1.0,1.0,1.0,1.0,1.0,1.0,1.0,1.0,1.0,1.0,0.999,0.997,0.995,0.994,0.993,0.991,0.988,0.987,0.982,0.975,0.971,0.963,0.958,0.945,0.938,0.928,0.92,0.905,0.897,0.886,0.876,0.862
0.025,0.3,1.0,1.0,1.0,1.0,1.0,1.0,1.0,1.0,1.0,1.0,1.0,1.0,1.0,1.0,1.0,1.0,1.0,1.0,1.0,1.0,1.0,1.0,1.0,1.0,1.0,1.0,1.0,1.0,1.0,1.0,1.0,0.998,0.996,0.994,0.994,0.992,0.989,0.987,0.981,0.979,0.971,0.967,0.957,0.945,0.935,0.928,0.914,0.901,0.888,0.876
0.025,0.25,1.0,1.0,1.0,1.0,1.0,1.0,1.0,1.0,1.0,1.0,1.0,1.0,1.0,1.0,1.0,1.0,1.0,1.0,1.0,1.0,1.0,1.0,1.0,1.0,1.0,1.0,1.0,1.0,1.0,1.0,1.0,1.0,1.0,0.998,0.997,0.996,0.995,0.994,0.991,0.988,0.982,0.979,0.973,0.966,0.959,0.946,0.9339999999999999,0.922,0.906,0.892
0.025,0.2,1.0,1.0,1.0,1.0,1.0,1.0,1.0,1.0,1.0,1.0,1.0,1.0,1.0,1.0,1.0,1.0,1.0,1.0,1.0,1.0,1.0,1.0,1.0,1.0,1.0,1.0,1.0,1.0,1.0,1.0,1.0,1.0,1.0,1.0,1.0,1.0,0.998,0.997,0.996,0.995,0.994,0.989,0.986,0.981,0.976,0.966,0.958,0.946,0.931,0.913
0.025,0.15,1.0,1.0,1.0,1.0,1.0,1.0,1.0,1.0,1.0,1.0,1.0,1.0,1.0,1.0,1.0,1.0,1.0,1.0,1.0,1.0,1.0,1.0,1.0,1.0,1.0,1.0,1.0,1.0,1.0,1.0,1.0,1.0,1.0,1.0,1.0,1.0,1.0,1.0,1.0,0.998,0.998,0.997,0.995,0.994,0.99,0.984,0.976,0.97,0.957,0.943
0.025,0.1,1.0,1.0,1.0,1.0,1.0,1.0,1.0,1.0,1.0,1.0,1.0,1.0,1.0,1.0,1.0,1.0,1.0,1.0,1.0,1.0,1.0,1.0,1.0,1.0,1.0,1.0,1.0,1.0,1.0,1.0,1.0,1.0,1.0,1.0,1.0,1.0,1.0,1.0,1.0,1.0,1.0,1.0,1.0,0.998,0.998,0.997,0.995,0.99,0.984,0.973
0.025,0.05,1.0,1.0,1.0,1.0,1.0,1.0,1.0,1.0,1.0,1.0,1.0,1.0,1.0,1.0,1.0,1.0,1.0,1.0,1.0,1.0,1.0,1.0,1.0,1.0,1.0,1.0,1.0,1.0,1.0,1.0,1.0,1.0,1.0,1.0,1.0,1.0,1.0,1.0,1.0,1.0,1.0,1.0,1.0,1.0,1.0,1.0,1.0,1.0,0.998,0.997
0.025,0.0,1.0,1.0,1.0,1.0,1.0,1.0,1.0,1.0,1.0,1.0,1.0,1.0,1.0,1.0,1.0,1.0,1.0,1.0,1.0,1.0,1.0,1.0,1.0,1.0,1.0,1.0,1.0,1.0,1.0,1.0,1.0,1.0,1.0,1.0,1.0,1.0,1.0,1.0,1.0,1.0,1.0,1.0,1.0,1.0,1.0,1.0,1.0,1.0,1.0,1.0
0.022222,1.0,1.0,1.0,1.0,1.0,1.0,1.0,1.0,1.0,1.0,1.0,1.0,1.0,0.999,0.998,0.997,0.996,0.995,0.991,0.986,0.981,0.976,0.973,0.968,0.962,0.957,0.947,0.9410000000000001,0.935,0.929,0.915,0.91,0.904,0.893,0.885,0.881,0.871,0.866,0.857,0.845,0.839,0.827,0.8109999999999999,0.8029999999999999,0.794,0.786,0.774,0.768,0.755,0.749,0.744
0.022222,0.95,1.0,1.0,1.0,1.0,1.0,1.0,1.0,1.0,1.0,1.0,1.0,1.0,0.999,0.998,0.998,0.997,0.996,0.994,0.99,0.984,0.978,0.975,0.972,0.967,0.962,0.953,0.946,0.942,0.9359999999999999,0.927,0.915,0.909,0.906,0.894,0.889,0.883,0.873,0.865,0.858,0.849,0.842,0.8280000000000001,0.815,0.81,0.7989999999999999,0.791,0.782,0.771,0.765,0.759
0.022222,0.9,1.0,1.0,1.0,1.0,1.0,1.0,1.0,1.0,1.0,1.0,1.0,1.0,1.0,0.999,0.998,0.998,0.997,0.995,0.993,0.988,0.986,0.979,0.974,0.972,0.967,0.962,0.955,0.952,0.943,0.94,0.929,0.922,0.914,0.909,0.899,0.891,0.887,0.881,0.873,0.864,0.854,0.848,0.838,0.825,0.817,0.806,0.802,0.789,0.782,0.772
0.022222,0.85,1.0,1.0,1.0,1.0,1.0,1.0,1.0,1.0,1.0,1.0,1.0,1.0,1.0,1.0,0.998,0.998,0.998,0.998,0.995,0.993,0.988,0.985,0.982,0.975,0.972,0.968,0.963,0.956,0.952,0.946,0.943,0.933,0.925,0.919,0.914,0.901,0.895,0.892,0.885,0.88,0.87,0.861,0.851,0.846,0.835,0.825,0.8160000000000001,0.806,0.7969999999999999,0.791
0.022222,0.8,1.0,1.0,1.0,1.0,1.0,1.0,1.0,1.0,1.0,1.0,1.0,1.0,1.0,1.0,0.999,0.998,0.998,0.998,0.998,0.996,0.992,0.987,0.985,0.984,0.978,0.974,0.969,0.964,0.958,0.955,0.949,0.945,0.94,0.931,0.924,0.917,0.909,0.9,0.896,0.89,0.884,0.88,0.87,0.859,0.85,0.844,0.834,0.825,0.819,0.8069999999999999
0.022222,0.75,1.0,1.0,1.0,1.0,1.0,1.0,1.0,1.0,1.0,1.0,1.0,1.0,1.0,1.0,1.0,0.999,0.999,0.998,0.998,0.998,0.997,0.994,0.99,0.985,0.985,0.984,0.976,0.973,0.967,0.96,0.957,0.953,0.947,0.944,0.9359999999999999,0.928,0.922,0.912,0.907,0.899,0.894,0.889,0.883,0.878,0.865,0.857,0.852,0.844,0.832,0.825
0.022222,0.7,1.0,1.0,1.0,1.0,1.0,1.0,1.0,1.0,1.0,1.0,1.0,1.0,1.0,1.0,1.0,1.0,1.0,0.999,0.999,0.998,0.998,0.997,0.994,0.991,0.988,0.985,0.984,0.978,0.975,0.97,0.964,0.96,0.954,0.95,0.946,0.94,0.935,0.928,0.919,0.912,0.906,0.9,0.894,0.885,0.883,0.878,0.867,0.854,0.851,0.842
0.022222,0.65,1.0,1.0,1.0,1.0,1.0,1.0,1.0,1.0,1.0,1.0,1.0,1.0,1.0,1.0,1.0,1.0,1.0,1.0,1.0,0.999,0.999,0.998,0.996,0.995,0.993,0.991,0.987,0.985,0.984,0.977,0.973,0.969,0.966,0.96,0.953,0.948,0.945,0.937,0.935,0.927,0.918,0.908,0.906,0.899,0.894,0.886,0.882,0.873,0.864,0.858
0.022222,0.6,1.0,1.0,1.0,1.0,1.0,1.0,1.0,1.0,1.0,1.0,1.0,1.0,1.0,1.0,1.0,1.0,1.0,1.0,1.0,1.0,1.0,0.999,0.998,0.997,0.995,0.994,0.992,0.991,0.988,0.986,0.982,0.976,0.972,0.969,0.965,0.96,0.955,0.949,0.943,0.938,0.931,0.928,0.918,0.909,0.904,0.899,0.892,0.885,0.881,0.873
0.022222,0.55,1.0,1.0,1.0,1.0,1.0,1.0,1.0,1.0,1.0,1.0,1.0,1.0,1.0,1.0,1.0,1.0,1.0,1.0,1.0,1.0,1.0,1.0,1.0,0.998,0.997,0.995,0.995,0.994,0.993,0.99,0.987,0.986,0.982,0.976,0.972,0.97,0.965,0.962,0.957,0.95,0.942,0.937,0.933,0.926,0.919,0.911,0.904,0.897,0.89,0.884
0.022222,0.5,1.0,1.0,1.0,1.0,1.0,1.0,1.0,1.0,1.0,1.0,1.0,1.0,1.0,1.0,1.0,1.0,1.0,1.0,1.0,1.0,1.0,1.0,1.0,1.0,1.0,0.999,0.996,0.995,0.994,0.994,0.993,0.99,0.988,0.987,0.984,0.977,0.973,0.971,0.967,0.959,0.958,0.953,0.943,0.9390000000000001,0.933,0.927,0.923,0.909,0.902,0.897
0.022222,0.45,1.0,1.0,1.0,1.0,1.0,1.0,1.0,1.0,1.0,1.0,1.0,1.0,1.0,1.0,1.0,1.0,1.0,1.0,1.0,1.0,1.0,1.0,1.0,1.0,1.0,1.0,1.0,0.998,0.997,0.995,0.994,0.994,0.993,0.991,0.989,0.987,0.983,0.979,0.975,0.971,0.969,0.961,0.959,0.956,0.946,0.9410000000000001,0.9339999999999999,0.927,0.923,0.911
0.022222,0.4,1.0,1.0,1.0,1.0,1.0,1.0,1.0,1.0,1.0,1.0,1.0,1.0,1.0,1.0,1.0,1.0,1.0,1.0,1.0,1.0,1.0,1.0,1.0,1.0,1.0,1.0,1.0,1.0,1.0,0.999,0.997,0.996,0.994,0.994,0.994,0.991,0.99,0.988,0.984,0.981,0.979,0.975,0.969,0.965,0.962,0.955,0.95,0.942,0.935,0.928
0.022222,0.35,1.0,1.0,1.0,1.0,1.0,1.0,1.0,1.0,1.0,1.0,1.0,1.0,1.0,1.0,1.0,1.0,1.0,1.0,1.0,1.0,1.0,1.0,1.0,1.0,1.0,1.0,1.0,1.0,1.0,1.0,1.0,1.0,0.998,0.996,0.996,0.995,0.994,0.994,0.991,0.988,0.987,0.982,0.979,0.977,0.973,0.967,0.965,0.959,0.952,0.945
0.022222,0.3,1.0,1.0,1.0,1.0,1.0,1.0,1.0,1.0,1.0,1.0,1.0,1.0,1.0,1.0,1.0,1.0,1.0,1.0,1.0,1.0,1.0,1.0,1.0,1.0,1.0,1.0,1.0,1.0,1.0,1.0,1.0,1.0,1.0,1.0,0.998,0.998,0.997,0.996,0.995,0.995,0.994,0.992,0.988,0.986,0.984,0.978,0.976,0.973,0.967,0.962
0.022222,0.25,1.0,1.0,1.0,1.0,1.0,1.0,1.0,1.0,1.0,1.0,1.0,1.0,1.0,1.0,1.0,1.0,1.0,1.0,1.0,1.0,1.0,1.0,1.0,1.0,1.0,1.0,1.0,1.0,1.0,1.0,1.0,1.0,1.0,1.0,1.0,1.0,1.0,0.998,0.998,0.997,0.997,0.995,0.995,0.994,0.993,0.987,0.985,0.984,0.977,0.976
0.022222,0.2,1.0,1.0,1.0,1.0,1.0,1.0,1.0,1.0,1.0,1.0,1.0,1.0,1.0,1.0,1.0,1.0,1.0,1.0,1.0,1.0,1.0,1.0,1.0,1.0,1.0,1.0,1.0,1.0,1.0,1.0,1.0,1.0,1.0,1.0,1.0,1.0,1.0,1.0,1.0,1.0,0.999,0.998,0.998,0.997,0.997,0.995,0.995,0.994,0.99,0.986
0.022222,0.15,1.0,1.0,1.0,1.0,1.0,1.0,1.0,1.0,1.0,1.0,1.0,1.0,1.0,1.0,1.0,1.0,1.0,1.0,1.0,1.0,1.0,1.0,1.0,1.0,1.0,1.0,1.0,1.0,1.0,1.0,1.0,1.0,1.0,1.0,1.0,1.0,1.0,1.0,1.0,1.0,1.0,1.0,1.0,1.0,0.999,0.998,0.998,0.998,0.997,0.995
0.022222,0.1,1.0,1.0,1.0,1.0,1.0,1.0,1.0,1.0,1.0,1.0,1.0,1.0,1.0,1.0,1.0,1.0,1.0,1.0,1.0,1.0,1.0,1.0,1.0,1.0,1.0,1.0,1.0,1.0,1.0,1.0,1.0,1.0,1.0,1.0,1.0,1.0,1.0,1.0,1.0,1.0,1.0,1.0,1.0,1.0,1.0,1.0,1.0,1.0,1.0,0.999
0.022222,0.05,1.0,1.0,1.0,1.0,1.0,1.0,1.0,1.0,1.0,1.0,1.0,1.0,1.0,1.0,1.0,1.0,1.0,1.0,1.0,1.0,1.0,1.0,1.0,1.0,1.0,1.0,1.0,1.0,1.0,1.0,1.0,1.0,1.0,1.0,1.0,1.0,1.0,1.0,1.0,1.0,1.0,1.0,1.0,1.0,1.0,1.0,1.0,1.0,1.0,1.0
0.022222,0.0,1.0,1.0,1.0,1.0,1.0,1.0,1.0,1.0,1.0,1.0,1.0,1.0,1.0,1.0,1.0,1.0,1.0,1.0,1.0,1.0,1.0,1.0,1.0,1.0,1.0,1.0,1.0,1.0,1.0,1.0,1.0,1.0,1.0,1.0,1.0,1.0,1.0,1.0,1.0,1.0,1.0,1.0,1.0,1.0,1.0,1.0,1.0,1.0,1.0,1.0
0.02,1.0,1.0,1.0,1.0,1.0,1.0,1.0,1.0,1.0,1.0,1.0,1.0,1.0,1.0,0.998,0.998,0.998,0.997,0.994,0.993,0.987,0.984,0.979,0.974,0.972,0.968,0.963,0.957,0.953,0.948,0.943,0.938,0.927,0.918,0.913,0.906,0.9,0.894,0.889,0.884,0.876,0.87,0.858,0.851,0.844,0.839,0.83,0.8240000000000001,0.8160000000000001,0.81,0.7969999999999999
0.02,0.95,1.0,1.0,1.0,1.0,1.0,1.0,1.0,1.0,1.0,1.0,1.0,1.0,1.0,0.999,0.998,0.998,0.998,0.996,0.993,0.99,0.986,0.984,0.978,0.974,0.972,0.967,0.963,0.956,0.952,0.947,0.945,0.9390000000000001,0.929,0.922,0.915,0.907,0.898,0.895,0.89,0.886,0.882,0.878,0.863,0.854,0.85,0.845,0.836,0.829,0.823,0.8160000000000001
0.02,0.9,1.0,1.0,1.0,1.0,1.0,1.0,1.0,1.0,1.0,1.0,1.0,1.0,1.0,1.0,0.999,0.998,0.998,0.998,0.997,0.993,0.991,0.986,0.985,0.981,0.975,0.973,0.968,0.963,0.958,0.956,0.949,0.946,0.942,0.9359999999999999,0.927,0.921,0.916,0.908,0.9,0.898,0.892,0.884,0.88,0.878,0.865,0.855,0.85,0.845,0.839,0.834
0.02,0.85,1.0,1.0,1.0,1.0,1.0,1.0,1.0,1.0,1.0,1.0,1.0,1.0,1.0,1.0,0.999,0.999,0.998,0.998,0.998,0.997,0.996,0.991,0.987,0.985,0.984,0.977,0.975,0.971,0.966,0.96,0.957,0.953,0.949,0.944,0.94,0.9339999999999999,0.927,0.919,0.915,0.905,0.903,0.9,0.893,0.885,0.882,0.879,0.868,0.857,0.854,0.847
0.02,0.8,1.0,1.0,1.0,1.0,1.0,1.0,1.0,1.0,1.0,1.0,1.0,1.0,1.0,1.0,1.0,1.0,0.999,0.999,0.998,0.998,0.997,0.995,0.992,0.989,0.985,0.985,0.982,0.978,0.974,0.969,0.965,0.961,0.954,0.95,0.947,0.945,0.938,0.935,0.926,0.92,0.913,0.906,0.905,0.899,0.896,0.887,0.884,0.878,0.871,0.865
0.02,0.75,1.0,1.0,1.0,1.0,1.0,1.0,1.0,1.0,1.0,1.0,1.0,1.0,1.0,1.0,1.0,1.0,1.0,0.999,0.999,0.998,0.998,0.997,0.995,0.994,0.991,0.988,0.985,0.984,0.981,0.977,0.972,0.969,0.966,0.96,0.954,0.95,0.948,0.944,0.938,0.9319999999999999,0.927,0.92,0.914,0.909,0.903,0.901,0.894,0.888,0.885,0.877
0.02,0.7,1.0,1.0,1.0,1.0,1.0,1.0,1.0,1.0,1.0,1.0,1.0,1.0,1.0,1.0,1.0,1.0,1.0,1.0,1.0,0.999,0.999,0.998,0.997,0.995,0.995,0.992,0.991,0.988,0.986,0.984,0.979,0.975,0.971,0.969,0.965,0.962,0.957,0.953,0.949,0.943,0.937,0.9319999999999999,0.9299999999999999,0.923,0.917,0.912,0.903,0.9,0.895,0.89
0.02,0.65,1.0,1.0,1.0,1.0,1.0,1.0,1.0,1.0,1.0,1.0,1.0,1.0,1.0,1.0,1.0,1.0,1.0,1.0,1.0,1.0,1.0,1.0,0.998,0.997,0.995,0.995,0.993,0.992,0.992,0.988,0.987,0.985,0.981,0.974,0.972,0.97,0.967,0.962,0.959,0.957,0.949,0.945,0.938,0.9339999999999999,0.933,0.925,0.919,0.914,0.906,0.902
0.02,0.6,1.0,1.0,1.0,1.0,1.0,1.0,1.0,1.0,1.0,1.0,1.0,1.0,1.0,1.0,1.0,1.0,1.0,1.0,1.0,1.0,1.0,1.0,1.0,1.0,0.997,0.996,0.995,0.994,0.993,0.992,0.992,0.989,0.987,0.986,0.98,0.977,0.973,0.972,0.969,0.964,0.961,0.958,0.953,0.947,0.943,0.937,0.935,0.927,0.924,0.916
0.02,0.55,1.0,1.0,1.0,1.0,1.0,1.0,1.0,1.0,1.0,1.0,1.0,1.0,1.0,1.0,1.0,1.0,1.0,1.0,1.0,1.0,1.0,1.0,1.0,1.0,1.0,0.999,0.997,0.996,0.995,0.994,0.994,0.993,0.991,0.989,0.988,0.986,0.981,0.978,0.975,0.971,0.971,0.968,0.962,0.961,0.957,0.951,0.946,0.9410000000000001,0.937,0.931
0.02,0.5,1.0,1.0,1.0,1.0,1.0,1.0,1.0,1.0,1.0,1.0,1.0,1.0,1.0,1.0,1.0,1.0,1.0,1.0,1.0,1.0,1.0,1.0,1.0,1.0,1.0,1.0,1.0,0.999,0.997,0.996,0.995,0.994,0.994,0.993,0.992,0.99,0.988,0.988,0.982,0.981,0.978,0.976,0.972,0.969,0.965,0.964,0.959,0.954,0.95,0.947
0.02,0.45,1.0,1.0,1.0,1.0,1.0,1.0,1.0,1.0,1.0,1.0,1.0,1.0,1.0,1.0,1.0,1.0,1.0,1.0,1.0,1.0,1.0,1.0,1.0,1.0,1.0,1.0,1.0,1.0,1.0,1.0,0.997,0.997,0.996,0.995,0.994,0.994,0.994,0.99,0.989,0.988,0.985,0.981,0.979,0.977,0.976,0.973,0.969,0.965,0.963,0.958
0.02,0.4,1.0,1.0,1.0,1.0,1.0,1.0,1.0,1.0,1.0,1.0,1.0,1.0,1.0,1.0,1.0,1.0,1.0,1.0,1.0,1.0,1.0,1.0,1.0,1.0,1.0,1.0,1.0,1.0,1.0,1.0,1.0,1.0,0.998,0.998,0.996,0.996,0.995,0.995,0.994,0.994,0.991,0.989,0.986,0.986,0.984,0.98,0.976,0.976,0.973,0.968
0.02,0.35,1.0,1.0,1.0,1.0,1.0,1.0,1.0,1.0,1.0,1.0,1.0,1.0,1.0,1.0,1.0,1.0,1.0,1.0,1.0,1.0,1.0,1.0,1.0,1.0,1.0,1.0,1.0,1.0,1.0,1.0,1.0,1.0,1.0,1.0,0.999,0.998,0.998,0.997,0.996,0.995,0.995,0.995,0.994,0.993,0.991,0.986,0.985,0.984,0.98,0.977
0.02,0.3,1.0,1.0,1.0,1.0,1.0,1.0,1.0,1.0,1.0,1.0,1.0,1.0,1.0,1.0,1.0,1.0,1.0,1.0,1.0,1.0,1.0,1.0,1.0,1.0,1.0,1.0,1.0,1.0,1.0,1.0,1.0,1.0,1.0,1.0,1.0,1.0,1.0,0.999,0.998,0.998,0.997,0.997,0.996,0.995,0.995,0.995,0.994,0.991,0.988,0.987
0.02,0.25,1.0,1.0,1.0,1.0,1.0,1.0,1.0,1.0,1.0,1.0,1.0,1.0,1.0,1.0,1.0,1.0,1.0,1.0,1.0,1.0,1.0,1.0,1.0,1.0,1.0,1.0,1.0,1.0,1.0,1.0,1.0,1.0,1.0,1.0,1.0,1.0,1.0,1.0,1.0,1.0,1.0,0.998,0.998,0.998,0.998,0.997,0.996,0.995,0.995,0.995
0.02,0.2,1.0,1.0,1.0,1.0,1.0,1.0,1.0,1.0,1.0,1.0,1.0,1.0,1.0,1.0,1.0,1.0,1.0,1.0,1.0,1.0,1.0,1.0,1.0,1.0,1.0,1.0,1.0,1.0,1.0,1.0,1.0,1.0,1.0,1.0,1.0,1.0,1.0,1.0,1.0,1.0,1.0,1.0,1.0,1.0,1.0,0.998,0.998,0.998,0.998,0.998
0.02,0.15,1.0,1.0,1.0,1.0,1.0,1.0,1.0,1.0,1.0,1.0,1.0,1.0,1.0,1.0,1.0,1.0,1.0,1.0,1.0,1.0,1.0,1.0,1.0,1.0,1.0,1.0,1.0,1.0,1.0,1.0,1.0,1.0,1.0,1.0,1.0,1.0,1.0,1.0,1.0,1.0,1.0,1.0,1.0,1.0,1.0,1.0,1.0,1.0,1.0,1.0
0.02,0.1,1.0,1.0,1.0,1.0,1.0,1.0,1.0,1.0,1.0,1.0,1.0,1.0,1.0,1.0,1.0,1.0,1.0,1.0,1.0,1.0,1.0,1.0,1.0,1.0,1.0,1.0,1.0,1.0,1.0,1.0,1.0,1.0,1.0,1.0,1.0,1.0,1.0,1.0,1.0,1.0,1.0,1.0,1.0,1.0,1.0,1.0,1.0,1.0,1.0,1.0
0.02,0.05,1.0,1.0,1.0,1.0,1.0,1.0,1.0,1.0,1.0,1.0,1.0,1.0,1.0,1.0,1.0,1.0,1.0,1.0,1.0,1.0,1.0,1.0,1.0,1.0,1.0,1.0,1.0,1.0,1.0,1.0,1.0,1.0,1.0,1.0,1.0,1.0,1.0,1.0,1.0,1.0,1.0,1.0,1.0,1.0,1.0,1.0,1.0,1.0,1.0,1.0
0.02,0.0,1.0,1.0,1.0,1.0,1.0,1.0,1.0,1.0,1.0,1.0,1.0,1.0,1.0,1.0,1.0,1.0,1.0,1.0,1.0,1.0,1.0,1.0,1.0,1.0,1.0,1.0,1.0,1.0,1.0,1.0,1.0,1.0,1.0,1.0,1.0,1.0,1.0,1.0,1.0,1.0,1.0,1.0,1.0,1.0,1.0,1.0,1.0,1.0,1.0,1.0
